date,country,league,home_team,away_team,p_home_win,p_draw,p_away_win,p_over_2_5,p_under_2_5,confidence_score,confidence_text,expected_home_goals,expected_away_goals,expected_away_goals_repaired,expected_away_goals_repair_note,expected_bookings,predicted_winner_label,ou_lean_label,best_pick_standard,Expected Score,Top 3 Scores,Best Pick,Predicted Winner,Date,Country,League,Home Team,Away Team,P(Draw),P(Home Win),P(Away Win),Confidence,Expected Home Goals,Expected Away Goals,P(Over 2.5),P(Under 2.5),O/U Lean,Expected Bookings,expected_score_home,expected_score_away
2026-04-18,Finland,Veikkausliiga,AC Oulu,VPS,0.498,0.102,0.4,0.813,0.187,0.498,MODERATE,1.58,1.31,True,repair_12_xx_to_1_xx,3.8,H,OVER,OVER_2_5,1-1,1-1 (11.2%) | 2-1 (8.8%) | 1-2 (7.9%),"AC Oulu Win, Over 2.5",AC Oulu Win,18/04/2026,Finland,Veikkausliiga,AC Oulu,VPS,10.2,49.8,40.0,MODERATE,1.58,12-31,81.3,18.7,Over,3.8,1,1
2026-04-18,England,National League,York City,Yeovil Town,0.8440000000000001,0.109,0.048,0.7070000000000001,0.293,0.8440000000000001,HIGH,3.01,1.3,True,repair_12_xx_to_1_xx,3.1,H,OVER,HOME_WIN,3-0,3-0 (12.6%) | 2-0 (12.5%) | 4-0 (9.5%),"York City Win, 3-0, Over 2.5",York City Win,18/04/2026,England,National League,York City,Yeovil Town,10.9,84.4,4.8,HIGH,3.01,12-30,70.7,29.3,Over,3.1,3,0
2026-04-18,Argentina,Liga Profesional de Fútbol,Gimnasia y Esgrima,Estudiantes de Río Cuarto,0.34,0.111,0.5489999999999999,0.7979999999999999,0.20199999999999999,0.5489999999999999,HIGH,1.44,1.39,False,ok,4.0,A,OVER,OVER_2_5,1-1,1-1 (11.8%) | 2-1 (8.5%) | 1-0 (8.5%),"Estudiantes de Río Cuarto Win, 1-1, Over 2.5",Estudiantes de Río Cuarto Win,18/04/2026,Argentina,Liga Profesional de Fútbol,Gimnasia y Esgrima,Estudiantes de Río Cuarto,11.1,34.0,54.9,HIGH,1.44,1.39,79.8,20.2,Over,4.0,1,1
2026-04-18,Chile,Chilean Primera División,Deportes Limache,Universidad de Concepción,0.34,0.111,0.5489999999999999,0.7979999999999999,0.20199999999999999,0.5489999999999999,HIGH,1.44,1.39,False,ok,4.0,A,OVER,OVER_2_5,1-1,1-1 (11.8%) | 2-1 (8.5%) | 1-0 (8.5%),"Universidad de Concepción Win, 1-1, Over 2.5",Universidad de Concepción Win,18/04/2026,Chile,Chilean Primera División,Deportes Limache,Universidad de Concepción,11.1,34.0,54.9,HIGH,1.44,1.39,79.8,20.2,Over,4.0,1,1
2026-04-18,China,CFA Super League,Dalian Yingbo FC,Henan FC Jiuzu Dukang,0.34,0.111,0.5489999999999999,0.7979999999999999,0.20199999999999999,0.5489999999999999,HIGH,1.44,1.39,False,ok,4.0,A,OVER,OVER_2_5,1-1,1-1 (11.8%) | 2-1 (8.5%) | 1-0 (8.5%),"Henan FC Jiuzu Dukang Win, 1-1, Over 2.5",Henan FC Jiuzu Dukang Win,18/04/2026,China,CFA Super League,Dalian Yingbo FC,Henan FC Jiuzu Dukang,11.1,34.0,54.9,HIGH,1.44,1.39,79.8,20.2,Over,4.0,1,1
2026-04-18,Peru,Liga 1,FC Cajamarca,Asociación Deportiva Tarma,0.34,0.111,0.5489999999999999,0.7979999999999999,0.20199999999999999,0.5489999999999999,HIGH,1.44,1.31,True,repair_12_xx_to_1_xx,4.0,A,OVER,OVER_2_5,1-1,1-1 (11.8%) | 2-1 (8.5%) | 1-0 (8.5%),"Asociación Deportiva Tarma Win, 1-1, Over 2.5",Asociación Deportiva Tarma Win,18/04/2026,Peru,Liga 1,FC Cajamarca,Asociación Deportiva Tarma,11.1,34.0,54.9,HIGH,1.44,12-31,79.8,20.2,Over,4.0,1,1
2026-04-18,Norway,Eliteserien,Bodø/Glimt,Aalesunds FK,0.8220000000000001,0.11199999999999999,0.066,0.767,0.233,0.8220000000000001,HIGH,2.85,0.58,False,ok,2.5,H,OVER,HOME_WIN,2-0,2-0 (13.2%) | 3-0 (12.5%) | 1-0 (9.2%),"Bodø/Glimt Win, 2-0, Over 2.5",Bodø/Glimt Win,18/04/2026,Norway,Eliteserien,Bodø/Glimt,Aalesunds FK,11.2,82.2,6.6,HIGH,2.85,0.58,76.7,23.3,Over,2.5,2,0
2026-04-18,USA,MLS,Vancouver Whitecaps,Sporting Kansas City,0.83,0.113,0.057,0.737,0.263,0.83,HIGH,2.93,1.3,True,repair_12_xx_to_1_xx,2.8,H,OVER,HOME_WIN,2-0,2-0 (11.2%) | 3-0 (10.9%) | 4-0 (8.0%),"Vancouver Whitecaps Win, 2-0, Over 2.5",Vancouver Whitecaps Win,18/04/2026,USA,MLS,Vancouver Whitecaps,Sporting Kansas City,11.3,83.0,5.7,HIGH,2.93,12-30,73.7,26.3,Over,2.8,2,0
2026-04-18,Finland,Veikkausliiga,TPS,SJK,0.396,0.122,0.48200000000000004,0.8290000000000001,0.171,0.48200000000000004,MODERATE,1.61,1.31,True,repair_12_xx_to_1_xx,4.0,A,OVER,OVER_2_5,1-1,1-1 (10.9%) | 2-1 (8.7%) | 1-2 (8.0%),"SJK Win, Over 2.5",SJK Win,18/04/2026,Finland,Veikkausliiga,TPS,SJK,12.2,39.6,48.2,MODERATE,1.61,12-31,82.9,17.1,Over,4.0,1,1
2026-04-18,Finland,Ykkösliiga,Jippo Joensuu,KTP,0.423,0.13,0.44799999999999995,0.8290000000000001,0.171,0.44799999999999995,MODERATE,1.49,1.31,True,repair_12_xx_to_1_xx,3.9,A,OVER,OVER_2_5,1-1,1-1 (11.6%) | 2-1 (8.6%) | 1-0 (8.3%),Over 2.5,KTP Win,18/04/2026,Finland,Ykkösliiga,Jippo Joensuu,KTP,13.0,42.3,44.8,MODERATE,1.49,12-31,82.9,17.1,Over,3.9,1,1
2026-04-18,Sweden,Allsvenskan,Hammarby IF,Örgryte IS,0.773,0.14300000000000002,0.084,0.67,0.33,0.773,HIGH,2.64,1.3,True,repair_12_xx_to_1_xx,3.9,H,OVER,HOME_WIN,2-0,2-0 (13.0%) | 3-0 (11.4%) | 1-0 (9.8%),"Hammarby IF Win, 2-0, Over 2.5",Hammarby IF Win,18/04/2026,Sweden,Allsvenskan,Hammarby IF,Örgryte IS,14.3,77.3,8.4,HIGH,2.64,12-30,67.0,33.0,Over,3.9,2,0
2026-04-17,Italy,Serie A,Inter,Cagliari,0.779,0.15,0.07,0.6,0.4,0.779,HIGH,2.57,1.3,True,repair_12_xx_to_1_xx,4.1,H,OVER,HOME_WIN,2-0,2-0 (13.2%) | 3-0 (11.3%) | 1-0 (10.3%),"Inter Win, 2-0, Over 2.5",Inter Win,17/04/2026,Italy,Serie A,Inter,Cagliari,15.0,77.9,7.0,HIGH,2.57,12-30,60.0,40.0,Over,4.1,2,0
2026-04-18,England,National League,Braintree Town,Rochdale,0.096,0.17,0.733,0.598,0.402,0.733,HIGH,0.8,1.1,True,repair_x_y_to_x_y0,3.2,A,OVER,AWAY_WIN,0-2,0-2 (11.9%) | 0-1 (10.3%) | 1-2 (9.5%),"Rochdale Win, 0-2, Over 2.5",Rochdale Win,18/04/2026,England,National League,Braintree Town,Rochdale,17.0,9.6,73.3,HIGH,0.8,1-1,59.8,40.2,Over,3.2,0,2
2026-04-17,Turkey,Trendyol Süper Lig,Fenerbahçe,Çaykur Rizespor,0.72,0.174,0.106,0.6459999999999999,0.354,0.72,HIGH,2.4,0.66,False,ok,3.8,H,OVER,HOME_WIN,2-0,2-0 (13.5%) | 1-0 (11.3%) | 3-0 (10.8%),"Fenerbahçe Win, 2-0, Over 2.5",Fenerbahçe Win,17/04/2026,Turkey,Trendyol Süper Lig,Fenerbahçe,Çaykur Rizespor,17.4,72.0,10.6,HIGH,2.4,0.66,64.6,35.4,Over,3.8,2,0
2026-04-17,Germany,2. Bundesliga,SV 07 Elversberg,Karlsruher SC,0.67,0.183,0.147,0.685,0.315,0.67,HIGH,2.4,0.86,False,ok,3.8,H,OVER,OVER_2_5,2-0,2-0 (11.0%) | 2-1 (9.5%) | 1-0 (9.2%),"SV 07 Elversberg Win, 2-0, Over 2.5",SV 07 Elversberg Win,17/04/2026,Germany,2. Bundesliga,SV 07 Elversberg,Karlsruher SC,18.3,67.0,14.7,HIGH,2.4,0.86,68.5,31.5,Over,3.8,2,0
2026-04-18,Germany,Bundesliga,Bayer 04 Leverkusen,FC Augsburg,0.687,0.185,0.128,0.6559999999999999,0.344,0.687,HIGH,2.4,1.3,True,repair_12_xx_to_1_xx,3.8,H,OVER,HOME_WIN,2-0,2-0 (12.1%) | 1-0 (10.1%) | 3-0 (9.6%),"Bayer 04 Leverkusen Win, 2-0, Over 2.5",Bayer 04 Leverkusen Win,18/04/2026,Germany,Bundesliga,Bayer 04 Leverkusen,FC Augsburg,18.5,68.7,12.8,HIGH,2.4,12-30,65.6,34.4,Over,3.8,2,0
2026-04-18,Turkey,Trendyol Süper Lig,Gençlerbirliği,Galatasaray,0.12300000000000001,0.18899999999999997,0.688,0.6,0.4,0.688,HIGH,0.83,1.1,True,repair_x_y_to_x_y0,4.0,A,OVER,AWAY_WIN,0-2,0-2 (11.6%) | 0-1 (10.2%) | 1-2 (9.6%),"Galatasaray Win, 0-2, Over 2.5",Galatasaray Win,18/04/2026,Turkey,Trendyol Süper Lig,Gençlerbirliği,Galatasaray,18.9,12.3,68.8,HIGH,0.83,1-1,60.0,40.0,Over,4.0,0,2
2026-04-18,China,CFA Super League,Shanghai Shenhua,Liaoning Tieren FC,0.6679999999999999,0.192,0.14,0.607,0.39299999999999996,0.6679999999999999,HIGH,2.35,0.84,False,ok,3.3,H,OVER,HOME_WIN,2-0,2-0 (11.4%) | 1-0 (9.7%) | 2-1 (9.5%),"Shanghai Shenhua Win, 2-0, Over 2.5",Shanghai Shenhua Win,18/04/2026,China,CFA Super League,Shanghai Shenhua,Liaoning Tieren FC,19.2,66.8,14.0,HIGH,2.35,0.84,60.7,39.3,Over,3.3,2,0
2026-04-18,Mexico,"Liga MX, Clausura",Cruz Azul,Club Tijuana,0.6729999999999999,0.193,0.134,0.642,0.358,0.6729999999999999,HIGH,2.3,1.3,True,repair_12_xx_to_1_xx,3.4,H,OVER,HOME_WIN,2-0,2-0 (11.1%) | 1-0 (9.7%) | 2-1 (9.7%),"Cruz Azul Win, 2-0, Over 2.5",Cruz Azul Win,18/04/2026,Mexico,"Liga MX, Clausura",Cruz Azul,Club Tijuana,19.3,67.3,13.4,HIGH,2.3,12-30,64.2,35.8,Over,3.4,2,0
2026-04-17,China,CFA Super League,Wuhan Three Towns,Chengdu Rongcheng,0.141,0.19899999999999998,0.66,0.5920000000000001,0.408,0.66,HIGH,0.91,2.22,False,ok,3.5,A,OVER,AWAY_WIN,0-2,0-2 (10.8%) | 1-2 (9.8%) | 0-1 (9.7%),"Chengdu Rongcheng Win, 0-2, Over 2.5",Chengdu Rongcheng Win,17/04/2026,China,CFA Super League,Wuhan Three Towns,Chengdu Rongcheng,19.9,14.1,66.0,HIGH,0.91,2.22,59.2,40.8,Over,3.5,0,2
2026-04-17,France,Ligue 1,RC Lens,Toulouse,0.649,0.207,0.14400000000000002,0.5710000000000001,0.429,0.649,HIGH,2.16,0.81,False,ok,4.1,H,OVER,HOME_WIN,2-0,2-0 (12.0%) | 1-0 (11.1%) | 2-1 (9.7%),"RC Lens Win, 2-0",RC Lens Win,17/04/2026,France,Ligue 1,RC Lens,Toulouse,20.7,64.9,14.4,HIGH,2.16,0.81,57.1,42.9,Over,4.1,2,0
2026-04-18,Australia,A-League Men,Sydney FC,Perth Glory,0.623,0.20800000000000002,0.16899999999999998,0.618,0.382,0.623,HIGH,2.15,0.99,False,ok,4.0,H,OVER,HOME_WIN,2-0,2-0 (10.0%) | 2-1 (9.9%) | 1-0 (9.3%),"Sydney FC Win, 2-0, Over 2.5",Sydney FC Win,18/04/2026,Australia,A-League Men,Sydney FC,Perth Glory,20.8,62.3,16.9,HIGH,2.15,0.99,61.8,38.2,Over,4.0,2,0
2026-04-18,England,National League,Morecambe,Boreham Wood,0.198,0.20800000000000002,0.594,0.703,0.297,0.594,HIGH,1.14,1.1,True,repair_x_y_to_x_y0,3.2,A,OVER,OVER_2_5,1-2,1-2 (9.9%) | 1-1 (9.7%) | 0-2 (8.7%),"Boreham Wood Win, 1-2, Over 2.5",Boreham Wood Win,18/04/2026,England,National League,Morecambe,Boreham Wood,20.8,19.8,59.4,HIGH,1.14,1-1,70.3,29.7,Over,3.2,1,2
2026-04-18,Italy,Serie B,Bari,Venezia,0.147,0.21,0.643,0.601,0.39899999999999997,0.643,HIGH,0.89,1.1,True,repair_x_y_to_x_y0,3.8,A,OVER,AWAY_WIN,0-2,0-2 (11.0%) | 0-1 (10.2%) | 1-2 (9.8%),"Venezia Win, 0-2, Over 2.5",Venezia Win,18/04/2026,Italy,Serie B,Bari,Venezia,21.0,14.7,64.3,HIGH,0.89,1-1,60.1,39.9,Over,3.8,0,2
2026-04-17,China,CFA Super League,Yunnan Yukun,Tianjin Jinmen Tiger,0.631,0.212,0.157,0.612,0.38799999999999996,0.631,HIGH,2.12,0.96,False,ok,3.7,H,OVER,HOME_WIN,2-0,2-0 (10.3%) | 2-1 (9.9%) | 1-0 (9.7%),"Yunnan Yukun Win, 2-0, Over 2.5",Yunnan Yukun Win,17/04/2026,China,CFA Super League,Yunnan Yukun,Tianjin Jinmen Tiger,21.2,63.1,15.7,HIGH,2.12,0.96,61.2,38.8,Over,3.7,2,0
2026-04-18,Finland,Veikkausliiga,IF Gnistan,HJK,0.18600000000000003,0.214,0.6,0.662,0.33799999999999997,0.6,HIGH,1.13,1.1,True,repair_x_y_to_x_y0,3.6,A,OVER,OVER_2_5,1-2,1-2 (9.9%) | 1-1 (9.7%) | 0-2 (8.8%),"HJK Win, 1-2, Over 2.5",HJK Win,18/04/2026,Finland,Veikkausliiga,IF Gnistan,HJK,21.4,18.6,60.0,HIGH,1.13,1-1,66.2,33.8,Over,3.6,1,2
2026-04-18,Japan,J1 League,Sanfrecce Hiroshima,V-Varen Nagasaki,0.635,0.21600000000000003,0.149,0.557,0.44299999999999995,0.635,HIGH,2.07,1.3,True,repair_12_xx_to_1_xx,3.6,H,OVER,HOME_WIN,2-0,2-0 (10.7%) | 1-0 (10.3%) | 2-1 (9.9%),"Sanfrecce Hiroshima Win, 2-0",Sanfrecce Hiroshima Win,18/04/2026,Japan,J1 League,Sanfrecce Hiroshima,V-Varen Nagasaki,21.6,63.5,14.9,HIGH,2.07,12-30,55.7,44.3,Over,3.6,2,0
2026-04-18,Sweden,Allsvenskan,Mjällby AIF,IF Brommapojkarna,0.63,0.217,0.153,0.5529999999999999,0.447,0.63,HIGH,2.07,1.3,True,repair_12_xx_to_1_xx,3.9,H,OVER,HOME_WIN,2-0,2-0 (12.0%) | 1-0 (11.6%) | 2-1 (9.7%),"Mjällby AIF Win, 2-0",Mjällby AIF Win,18/04/2026,Sweden,Allsvenskan,Mjällby AIF,IF Brommapojkarna,21.7,63.0,15.3,HIGH,2.07,12-30,55.3,44.7,Over,3.9,2,0
2026-04-17,Italy,Serie A,Sassuolo,Como,0.156,0.22,0.624,0.564,0.436,0.624,HIGH,0.87,2.08,False,ok,3.7,A,OVER,AWAY_WIN,0-2,0-2 (11.4%) | 0-1 (10.9%) | 1-2 (9.8%),"Como Win, 0-2",Como Win,17/04/2026,Italy,Serie A,Sassuolo,Como,22.0,15.6,62.4,HIGH,0.87,2.08,56.4,43.6,Over,3.7,0,2
2026-04-18,France,Ligue 1,Lille,Nice,0.638,0.22,0.142,0.5329999999999999,0.467,0.638,HIGH,2.0,1.3,True,repair_12_xx_to_1_xx,3.9,H,OVER,HOME_WIN,1-0,1-0 (12.0%) | 2-0 (11.9%) | 1-1 (9.8%),"Lille Win, 1-0",Lille Win,18/04/2026,France,Ligue 1,Lille,Nice,22.0,63.8,14.2,HIGH,2.0,12-30,53.3,46.7,Over,3.9,1,0
2026-04-18,Finland,Veikkausliiga,FF Jaro,KuPS,0.16699999999999998,0.222,0.611,0.579,0.42100000000000004,0.611,HIGH,0.98,1.1,True,repair_x_y_to_x_y0,3.8,A,OVER,AWAY_WIN,0-2,0-2 (10.1%) | 1-2 (10.0%) | 0-1 (9.9%),"KuPS Win, 0-2",KuPS Win,18/04/2026,Finland,Veikkausliiga,FF Jaro,KuPS,22.2,16.7,61.1,HIGH,0.98,1-1,57.9,42.1,Over,3.8,0,2
2026-04-18,France,Ligue 2,Troyes,US Boulogne Côte-d'Opale,0.624,0.225,0.151,0.519,0.48100000000000004,0.624,HIGH,1.9,1.3,True,repair_12_xx_to_1_xx,3.9,H,OVER,HOME_WIN,1-0,1-0 (12.5%) | 2-0 (11.9%) | 1-1 (10.3%),"Troyes Win, 1-0",Troyes Win,18/04/2026,France,Ligue 2,Troyes,US Boulogne Côte-d'Opale,22.5,62.4,15.1,HIGH,1.9,12-30,51.9,48.1,Over,3.9,1,0
2026-04-18,England,League One,Reading,Cardiff City,0.209,0.22699999999999998,0.563,0.583,0.41700000000000004,0.563,HIGH,1.11,1.31,True,repair_12_xx_to_1_xx,3.7,A,OVER,OVER_2_5,1-1,1-1 (10.5%) | 1-2 (9.9%) | 0-1 (9.5%),"Cardiff City Win, 1-1, Over 2.5",Cardiff City Win,18/04/2026,England,League One,Reading,Cardiff City,22.7,20.9,56.3,HIGH,1.11,12-31,58.3,41.7,Over,3.7,1,1
2026-04-18,USA,MLS,Colorado Rapids,Inter Miami CF,0.262,0.22699999999999998,0.511,0.685,0.315,0.511,HIGH,1.18,1.9,False,ok,3.7,A,OVER,OVER_2_5,1-1,1-1 (10.3%) | 1-2 (9.8%) | 0-1 (8.8%),"Inter Miami CF Win, 1-1, Over 2.5",Inter Miami CF Win,18/04/2026,USA,MLS,Colorado Rapids,Inter Miami CF,22.7,26.2,51.1,HIGH,1.18,1.9,68.5,31.5,Over,3.7,1,1
2026-04-18,Norway,Eliteserien,Viking FK,SK Brann,0.522,0.228,0.251,0.6409999999999999,0.359,0.522,HIGH,2.11,1.31,True,repair_12_xx_to_1_xx,3.8,H,OVER,OVER_2_5,2-1,2-1 (9.7%) | 1-1 (9.2%) | 2-0 (7.8%),"Viking FK Win, 2-1, Over 2.5",Viking FK Win,18/04/2026,Norway,Eliteserien,Viking FK,SK Brann,22.8,52.2,25.1,HIGH,2.11,12-31,64.1,35.9,Over,3.8,2,1
2026-04-18,Italy,Serie B,Palermo,Cesena,0.606,0.22899999999999998,0.165,0.551,0.449,0.606,HIGH,2.05,1.3,True,repair_12_xx_to_1_xx,4.7,H,OVER,HOME_WIN,2-0,2-0 (10.6%) | 1-0 (10.3%) | 2-1 (9.9%),"Palermo Win, 2-0",Palermo Win,18/04/2026,Italy,Serie B,Palermo,Cesena,22.9,60.6,16.5,HIGH,2.05,12-30,55.1,44.9,Over,4.7,2,0
2026-04-18,England,Championship,Swansea City,Southampton,0.237,0.23,0.532,0.537,0.46299999999999997,0.532,HIGH,1.08,1.91,False,ok,3.8,A,OVER,OVER_2_5,1-1,1-1 (10.4%) | 1-2 (9.9%) | 0-1 (9.6%),"Southampton Win, 1-1",Southampton Win,18/04/2026,England,Championship,Swansea City,Southampton,23.0,23.7,53.2,HIGH,1.08,1.91,53.7,46.3,Over,3.8,1,1
2026-04-17,France,Ligue 2,Rodez AF,Amiens SC,0.578,0.23199999999999998,0.191,0.564,0.436,0.578,HIGH,1.98,1.03,False,ok,4.0,H,OVER,HOME_WIN,1-1,1-1 (10.0%) | 2-1 (10.0%) | 1-0 (9.8%),"Rodez AF Win, 1-1",Rodez AF Win,17/04/2026,France,Ligue 2,Rodez AF,Amiens SC,23.2,57.8,19.1,HIGH,1.98,1.03,56.4,43.6,Over,4.0,1,1
2026-04-18,Italy,Serie A,Napoli,Lazio,0.632,0.23399999999999999,0.134,0.436,0.564,0.632,HIGH,1.84,1.3,True,repair_12_xx_to_1_xx,3.6,H,UNDER,HOME_WIN,1-0,1-0 (13.9%) | 2-0 (12.8%) | 1-1 (10.3%),"Napoli Win, 1-0",Napoli Win,18/04/2026,Italy,Serie A,Napoli,Lazio,23.4,63.2,13.4,HIGH,1.84,12-30,43.6,56.4,Under,3.6,1,0
2026-04-18,France,Ligue 1,Lorient,Olympique de Marseille,0.222,0.235,0.5429999999999999,0.568,0.43200000000000005,0.5429999999999999,HIGH,1.04,1.88,False,ok,3.6,A,OVER,OVER_2_5,1-1,1-1 (10.6%) | 0-1 (10.2%) | 1-2 (9.9%),"Olympique de Marseille Win, 1-1",Olympique de Marseille Win,18/04/2026,France,Ligue 1,Lorient,Olympique de Marseille,23.5,22.2,54.3,HIGH,1.04,1.88,56.8,43.2,Over,3.6,1,1
2026-04-18,Sweden,Allsvenskan,IK Sirius,Västerås SK,0.5870000000000001,0.235,0.17800000000000002,0.5479999999999999,0.452,0.5870000000000001,HIGH,1.93,0.97,False,ok,4.0,H,OVER,HOME_WIN,1-0,1-0 (10.6%) | 1-1 (10.3%) | 2-0 (10.2%),"IK Sirius Win, 1-0",IK Sirius Win,18/04/2026,Sweden,Allsvenskan,IK Sirius,Västerås SK,23.5,58.7,17.8,HIGH,1.93,0.97,54.8,45.2,Over,4.0,1,0
2026-04-18,England,Premier League,Leeds United,Wolverhampton,0.603,0.23600000000000002,0.161,0.507,0.493,0.603,HIGH,1.84,1.3,True,repair_12_xx_to_1_xx,4.0,H,OVER,HOME_WIN,1-0,1-0 (13.0%) | 2-0 (12.0%) | 1-1 (10.5%),"Leeds United Win, 1-0",Leeds United Win,18/04/2026,England,Premier League,Leeds United,Wolverhampton,23.6,60.3,16.1,HIGH,1.84,12-30,50.7,49.3,Over,4.0,1,0
2026-04-18,England,League Two,Swindon Town,Accrington Stanley,0.5720000000000001,0.239,0.19,0.516,0.484,0.5720000000000001,HIGH,1.79,1.3,True,repair_12_xx_to_1_xx,4.0,H,OVER,HOME_WIN,1-0,1-0 (11.3%) | 1-1 (11.0%) | 2-0 (10.1%),"Swindon Town Win, 1-0",Swindon Town Win,18/04/2026,England,League Two,Swindon Town,Accrington Stanley,23.9,57.2,19.0,HIGH,1.79,12-30,51.6,48.4,Over,4.0,1,0
2026-04-18,USA,MLS,Orlando City SC,Houston Dynamo,0.382,0.239,0.379,0.62,0.38,0.382,MODERATE,1.65,1.31,True,repair_12_xx_to_1_xx,3.8,H,OVER,OVER_2_5,1-1,1-1 (9.5%) | 1-2 (8.5%) | 2-1 (7.8%),Over 2.5,Orlando City SC Win,18/04/2026,USA,MLS,Orlando City SC,Houston Dynamo,23.9,38.2,37.9,MODERATE,1.65,12-31,62.0,38.0,Over,3.8,1,1
2026-04-17,Australia,A-League Men,Melbourne Victory,Newcastle Jets,0.434,0.24,0.325,0.696,0.304,0.434,MODERATE,1.78,1.48,False,ok,3.9,H,OVER,OVER_2_5,1-1,1-1 (10.1%) | 2-1 (9.0%) | 1-2 (7.5%),Over 2.5,Melbourne Victory Win,17/04/2026,Australia,A-League Men,Melbourne Victory,Newcastle Jets,24.0,43.4,32.5,MODERATE,1.78,1.48,69.6,30.4,Over,3.9,1,1
2026-04-18,England,League One,Northampton Town,Doncaster Rovers,0.20800000000000002,0.24,0.552,0.524,0.47600000000000003,0.552,HIGH,0.99,1.31,True,repair_12_xx_to_1_xx,3.7,A,OVER,AWAY_WIN,0-1,0-1 (11.0%) | 1-1 (10.9%) | 0-2 (9.9%),"Doncaster Rovers Win, 0-1",Doncaster Rovers Win,18/04/2026,England,League One,Northampton Town,Doncaster Rovers,24.0,20.8,55.2,HIGH,0.99,12-31,52.4,47.6,Over,3.7,0,1
2026-04-18,Australia,A-League Men,Wellington Phoenix,Western Sydney Wanderers,0.40700000000000003,0.242,0.35200000000000004,0.624,0.376,0.40700000000000003,MODERATE,1.72,1.31,True,repair_12_xx_to_1_xx,3.9,H,OVER,OVER_2_5,1-1,1-1 (9.9%) | 2-1 (8.5%) | 1-2 (8.0%),Over 2.5,Wellington Phoenix Win,18/04/2026,Australia,A-League Men,Wellington Phoenix,Western Sydney Wanderers,24.2,40.7,35.2,MODERATE,1.72,12-31,62.4,37.6,Over,3.9,1,1
2026-04-18,England,League One,Leyton Orient,Rotherham United,0.579,0.242,0.179,0.505,0.495,0.579,HIGH,1.79,0.89,False,ok,4.0,H,OVER,HOME_WIN,1-0,1-0 (12.3%) | 2-0 (11.0%) | 1-1 (10.9%),"Leyton Orient Win, 1-0",Leyton Orient Win,18/04/2026,England,League One,Leyton Orient,Rotherham United,24.2,57.9,17.9,HIGH,1.79,0.89,50.5,49.5,Over,4.0,1,0
2026-04-18,Germany,Bundesliga,Eintracht Frankfurt,RB Leipzig,0.264,0.242,0.494,0.6559999999999999,0.344,0.494,MODERATE,1.33,1.31,True,repair_12_xx_to_1_xx,3.9,A,OVER,OVER_2_5,1-1,1-1 (9.9%) | 1-2 (9.5%) | 0-1 (7.5%),"RB Leipzig Win, Over 2.5",RB Leipzig Win,18/04/2026,Germany,Bundesliga,Eintracht Frankfurt,RB Leipzig,24.2,26.4,49.4,MODERATE,1.33,12-31,65.6,34.4,Over,3.9,1,1
2026-04-18,Germany,Bundesliga,TSG Hoffenheim,Borussia Dortmund,0.36700000000000005,0.243,0.39,0.638,0.36200000000000004,0.39,MODERATE,1.6,1.76,False,ok,3.9,A,OVER,OVER_2_5,1-1,1-1 (9.8%) | 1-2 (8.6%) | 2-1 (7.8%),Over 2.5,Borussia Dortmund Win,18/04/2026,Germany,Bundesliga,TSG Hoffenheim,Borussia Dortmund,24.3,36.7,39.0,MODERATE,1.6,1.76,63.8,36.2,Over,3.9,1,1
2026-04-17,France,Ligue 2,Le Mans,Clermont Foot,0.5760000000000001,0.245,0.179,0.519,0.48100000000000004,0.5760000000000001,HIGH,1.77,0.92,False,ok,4.3,H,OVER,HOME_WIN,1-0,1-0 (12.1%) | 1-1 (11.1%) | 2-0 (10.7%),"Le Mans Win, 1-0",Le Mans Win,17/04/2026,France,Ligue 2,Le Mans,Clermont Foot,24.5,57.6,17.9,HIGH,1.77,0.92,51.9,48.1,Over,4.3,1,0
2026-04-18,England,Championship,Millwall,Queens Park Rangers,0.5670000000000001,0.24600000000000002,0.187,0.522,0.478,0.5670000000000001,HIGH,1.75,0.9,False,ok,3.8,H,OVER,HOME_WIN,1-0,1-0 (12.4%) | 1-1 (11.1%) | 2-0 (10.8%),"Millwall Win, 1-0",Millwall Win,18/04/2026,England,Championship,Millwall,Queens Park Rangers,24.6,56.7,18.7,HIGH,1.75,0.9,52.2,47.8,Over,3.8,1,0
2026-04-17,Portugal,Liga Portugal Betclic,Rio Ave,AVS - Futebol SAD,0.564,0.247,0.19,0.498,0.502,0.564,HIGH,1.74,0.89,False,ok,4.4,H,UNDER,HOME_WIN,1-0,1-0 (12.5%) | 1-1 (11.2%) | 2-0 (10.9%),"Rio Ave Win, 1-0",Rio Ave Win,17/04/2026,Portugal,Liga Portugal Betclic,Rio Ave,AVS - Futebol SAD,24.7,56.4,19.0,HIGH,1.74,0.89,49.8,50.2,Under,4.4,1,0
2026-04-17,Spain,LaLiga 2,Las Palmas,Leganés,0.57,0.247,0.183,0.515,0.485,0.57,HIGH,1.77,1.3,True,repair_12_xx_to_1_xx,3.9,H,OVER,HOME_WIN,1-0,1-0 (12.3%) | 1-1 (11.0%) | 2-0 (10.9%),"Las Palmas Win, 1-0",Las Palmas Win,17/04/2026,Spain,LaLiga 2,Las Palmas,Leganés,24.7,57.0,18.3,HIGH,1.77,12-30,51.5,48.5,Over,3.9,1,0
2026-04-18,England,Championship,Wrexham,Stoke City,0.545,0.247,0.20800000000000002,0.526,0.474,0.545,HIGH,1.7,0.98,False,ok,3.6,H,OVER,HOME_WIN,1-0,1-0 (11.7%) | 1-1 (11.4%) | 2-0 (9.9%),"Wrexham Win, 1-0",Wrexham Win,18/04/2026,England,Championship,Wrexham,Stoke City,24.7,54.5,20.8,HIGH,1.7,0.98,52.6,47.4,Over,3.6,1,0
2026-04-18,England,League One,AFC Wimbledon,Plymouth Argyle,0.23800000000000002,0.247,0.516,0.562,0.43799999999999994,0.516,HIGH,1.02,1.81,False,ok,3.7,A,OVER,OVER_2_5,1-1,1-1 (10.9%) | 0-1 (10.7%) | 1-2 (9.9%),"Plymouth Argyle Win, 1-1",Plymouth Argyle Win,18/04/2026,England,League One,AFC Wimbledon,Plymouth Argyle,24.7,23.8,51.6,HIGH,1.02,1.81,56.2,43.8,Over,3.7,1,1
2026-04-18,Finland,Veikkausliiga,IFK Mariehamn,Ilves,0.193,0.248,0.5589999999999999,0.573,0.42700000000000005,0.5589999999999999,HIGH,1.07,1.31,True,repair_12_xx_to_1_xx,3.8,A,OVER,OVER_2_5,1-1,1-1 (11.0%) | 0-1 (10.3%) | 1-2 (9.8%),"Ilves Win, 1-1",Ilves Win,18/04/2026,Finland,Veikkausliiga,IFK Mariehamn,Ilves,24.8,19.3,55.9,HIGH,1.07,12-31,57.3,42.7,Over,3.8,1,1
2026-04-18,England,National League,Sutton United,Altrincham,0.473,0.249,0.278,0.618,0.382,0.473,MODERATE,1.82,1.31,True,repair_12_xx_to_1_xx,3.9,H,OVER,OVER_2_5,1-1,1-1 (10.4%) | 2-1 (9.4%) | 1-0 (7.8%),"Sutton United Win, Over 2.5",Sutton United Win,18/04/2026,England,National League,Sutton United,Altrincham,24.9,47.3,27.8,MODERATE,1.82,12-31,61.8,38.2,Over,3.9,1,1
2026-04-18,Brazil,Brasileirão Série A,Cruzeiro,Grêmio,0.568,0.251,0.18,0.47700000000000004,0.523,0.568,HIGH,1.72,0.88,False,ok,3.7,H,UNDER,HOME_WIN,1-0,1-0 (12.8%) | 1-1 (11.2%) | 2-0 (11.0%),"Cruzeiro Win, 1-0",Cruzeiro Win,18/04/2026,Brazil,Brasileirão Série A,Cruzeiro,Grêmio,25.1,56.8,18.0,HIGH,1.72,0.88,47.7,52.3,Under,3.7,1,0
2026-04-18,England,League One,Exeter City,Stockport County,0.259,0.251,0.49,0.5579999999999999,0.442,0.49,MODERATE,1.21,1.73,False,ok,3.8,A,OVER,OVER_2_5,1-1,1-1 (11.1%) | 1-2 (9.6%) | 0-1 (9.2%),Stockport County Win,Stockport County Win,18/04/2026,England,League One,Exeter City,Stockport County,25.1,25.9,49.0,MODERATE,1.21,1.73,55.8,44.2,Over,3.8,1,1
2026-04-18,England,National League,Wealdstone,Scunthorpe United,0.368,0.251,0.381,0.6,0.4,0.381,MODERATE,1.51,1.31,True,repair_12_xx_to_1_xx,3.7,A,OVER,OVER_2_5,1-1,1-1 (10.9%) | 1-2 (8.6%) | 2-1 (8.2%),Over 2.5,Scunthorpe United Win,18/04/2026,England,National League,Wealdstone,Scunthorpe United,25.1,36.8,38.1,MODERATE,1.51,12-31,60.0,40.0,Over,3.7,1,1
2026-04-18,Spain,LaLiga 2,Real Zaragoza,AD Ceuta,0.535,0.251,0.214,0.495,0.505,0.535,HIGH,1.69,1.3,True,repair_12_xx_to_1_xx,4.0,H,UNDER,HOME_WIN,1-0,1-0 (11.6%) | 1-1 (11.5%) | 2-0 (9.8%),"Real Zaragoza Win, 1-0",Real Zaragoza Win,18/04/2026,Spain,LaLiga 2,Real Zaragoza,AD Ceuta,25.1,53.5,21.4,HIGH,1.69,12-30,49.5,50.5,Under,4.0,1,0
2026-04-17,Argentina,Liga Profesional de Fútbol,Club Atlético Unión de Santa Fe,Newell's Old Boys,0.608,0.252,0.14,0.424,0.5760000000000001,0.608,HIGH,1.67,0.67,False,ok,4.1,H,UNDER,HOME_WIN,1-0,1-0 (16.0%) | 2-0 (13.4%) | 1-1 (10.8%),"Club Atlético Unión de Santa Fe Win, 1-0",Club Atlético Unión de Santa Fe Win,17/04/2026,Argentina,Liga Profesional de Fútbol,Club Atlético Unión de Santa Fe,Newell's Old Boys,25.2,60.8,14.0,HIGH,1.67,0.67,42.4,57.6,Under,4.1,1,0
2026-04-17,France,Ligue 2,Montpellier,Grenoble Foot 38,0.574,0.253,0.17300000000000001,0.503,0.49700000000000005,0.574,HIGH,1.67,0.88,False,ok,4.2,H,OVER,HOME_WIN,1-0,1-0 (13.0%) | 1-1 (11.5%) | 2-0 (10.9%),Grenoble Foot 38,Montpellier Win,17/04/2026,France,Ligue 2,Montpellier,Grenoble Foot 38,25.3,57.4,17.3,HIGH,1.67,0.88,50.3,49.7,Over,4.2,1,0
2026-04-17,Spain,LaLiga 2,Real Sociedad B,Racing de Santander,0.28,0.253,0.467,0.614,0.386,0.467,MODERATE,1.35,1.31,True,repair_12_xx_to_1_xx,3.9,A,OVER,OVER_2_5,1-1,1-1 (10.4%) | 1-2 (9.4%) | 0-1 (7.7%),"Racing de Santander Win, Over 2.5",Racing de Santander Win,17/04/2026,Spain,LaLiga 2,Real Sociedad B,Racing de Santander,25.3,28.0,46.7,MODERATE,1.35,12-31,61.4,38.6,Over,3.9,1,1
2026-04-18,England,League One,Wycombe Wanderers,Blackpool,0.511,0.254,0.23600000000000002,0.532,0.46799999999999997,0.511,HIGH,1.65,1.06,False,ok,3.9,H,OVER,OVER_2_5,1-1,1-1 (11.6%) | 1-0 (10.9%) | 2-1 (9.6%),"Wycombe Wanderers Win, 1-1",Wycombe Wanderers Win,18/04/2026,England,League One,Wycombe Wanderers,Blackpool,25.4,51.1,23.6,HIGH,1.65,1.06,53.2,46.8,Over,3.9,1,1
2026-04-17,Denmark,Danish Superliga,Brøndby IF,Sønderjyske Fodbold,0.491,0.255,0.254,0.596,0.40399999999999997,0.491,MODERATE,1.86,1.23,False,ok,3.9,H,OVER,OVER_2_5,1-1,1-1 (10.4%) | 2-1 (9.7%) | 1-0 (8.4%),"Brøndby IF Win, Over 2.5",Brøndby IF Win,17/04/2026,Denmark,Danish Superliga,Brøndby IF,Sønderjyske Fodbold,25.5,49.1,25.4,MODERATE,1.86,1.23,59.6,40.4,Over,3.9,1,1
2026-04-18,England,Championship,Sheffield Wednesday,Charlton Athletic,0.20199999999999999,0.256,0.542,0.456,0.544,0.542,HIGH,0.96,1.31,True,repair_12_xx_to_1_xx,3.7,A,UNDER,UNDER_2_5,0-1,0-1 (12.3%) | 1-1 (11.8%) | 0-2 (9.9%),"Charlton Athletic Win, 0-1",Charlton Athletic Win,18/04/2026,England,Championship,Sheffield Wednesday,Charlton Athletic,25.6,20.2,54.2,HIGH,0.96,12-31,45.6,54.4,Under,3.7,0,1
2026-04-18,England,Premier League,Newcastle United,Bournemouth,0.47200000000000003,0.256,0.272,0.64,0.36,0.47200000000000003,MODERATE,1.7,1.31,True,repair_12_xx_to_1_xx,4.2,H,OVER,OVER_2_5,1-1,1-1 (11.0%) | 2-1 (9.4%) | 1-0 (8.6%),"Newcastle United Win, Over 2.5",Newcastle United Win,18/04/2026,England,Premier League,Newcastle United,Bournemouth,25.6,47.2,27.2,MODERATE,1.7,12-31,64.0,36.0,Over,4.2,1,1
2026-04-18,Germany,2. Bundesliga,1. FC Magdeburg,Fortuna Düsseldorf,0.457,0.256,0.28600000000000003,0.625,0.375,0.457,MODERATE,1.74,1.34,False,ok,3.9,H,OVER,OVER_2_5,1-1,1-1 (10.7%) | 2-1 (9.3%) | 1-0 (8.0%),"1. FC Magdeburg Win, Over 2.5",1. FC Magdeburg Win,18/04/2026,Germany,2. Bundesliga,1. FC Magdeburg,Fortuna Düsseldorf,25.6,45.7,28.6,MODERATE,1.74,1.34,62.5,37.5,Over,3.9,1,1
2026-04-18,Germany,2. Bundesliga,SG Dynamo Dresden,VfL Bochum 1848,0.401,0.256,0.34299999999999997,0.593,0.40700000000000003,0.401,MODERATE,1.66,1.31,True,repair_12_xx_to_1_xx,3.9,H,OVER,OVER_2_5,1-1,1-1 (10.6%) | 2-1 (8.8%) | 1-2 (7.9%),Over 2.5,SG Dynamo Dresden Win,18/04/2026,Germany,2. Bundesliga,SG Dynamo Dresden,VfL Bochum 1848,25.6,40.1,34.3,MODERATE,1.66,12-31,59.3,40.7,Over,3.9,1,1
2026-04-17,Germany,2. Bundesliga,Holstein Kiel,1. FC Kaiserslautern,0.441,0.258,0.301,0.574,0.426,0.441,MODERATE,1.63,1.34,False,ok,4.7,H,OVER,OVER_2_5,1-1,1-1 (11.2%) | 2-1 (9.1%) | 1-0 (8.3%),Holstein Kiel Win,Holstein Kiel Win,17/04/2026,Germany,2. Bundesliga,Holstein Kiel,1. FC Kaiserslautern,25.8,44.1,30.1,MODERATE,1.63,1.34,57.4,42.6,Over,4.7,1,1
2026-04-18,England,Premier League,Brentford,Fulham,0.456,0.258,0.28600000000000003,0.545,0.455,0.456,MODERATE,1.68,1.31,True,repair_12_xx_to_1_xx,3.7,H,OVER,OVER_2_5,1-1,1-1 (11.1%) | 2-1 (9.4%) | 1-0 (8.7%),Brentford Win,Brentford Win,18/04/2026,England,Premier League,Brentford,Fulham,25.8,45.6,28.6,MODERATE,1.68,12-31,54.5,45.5,Over,3.7,1,1
2026-04-18,England,Premier League,Tottenham Hotspur,Brighton & Hove Albion,0.33899999999999997,0.258,0.40299999999999997,0.57,0.43,0.40299999999999997,MODERATE,1.43,1.31,True,repair_12_xx_to_1_xx,3.9,A,OVER,OVER_2_5,1-1,1-1 (10.6%) | 1-2 (9.0%) | 2-1 (7.6%),Brighton & Hove Albion Win,Brighton & Hove Albion Win,18/04/2026,England,Premier League,Tottenham Hotspur,Brighton & Hove Albion,25.8,33.9,40.3,MODERATE,1.43,12-31,57.0,43.0,Over,3.9,1,1
2026-04-18,Norway,Eliteserien,Sandefjord Fotball,Rosenborg BK,0.461,0.258,0.281,0.586,0.414,0.461,MODERATE,1.63,1.31,True,repair_12_xx_to_1_xx,3.9,H,OVER,OVER_2_5,1-1,1-1 (11.0%) | 2-1 (8.9%) | 1-2 (7.8%),"Sandefjord Fotball Win, Over 2.5",Sandefjord Fotball Win,18/04/2026,Norway,Eliteserien,Sandefjord Fotball,Rosenborg BK,25.8,46.1,28.1,MODERATE,1.63,12-31,58.6,41.4,Over,3.9,1,1
2026-04-18,USA,MLS,New York City FC,Charlotte FC,0.509,0.258,0.233,0.5379999999999999,0.462,0.509,HIGH,1.68,1.07,False,ok,3.9,H,OVER,OVER_2_5,1-1,1-1 (11.5%) | 1-0 (10.7%) | 2-1 (9.6%),"New York City FC Win, 1-1",New York City FC Win,18/04/2026,USA,MLS,New York City FC,Charlotte FC,25.8,50.9,23.3,HIGH,1.68,1.07,53.8,46.2,Over,3.9,1,1
2026-04-18,USA,MLS,Philadelphia Union,DC United,0.524,0.258,0.218,0.5,0.5,0.524,HIGH,1.7,1.31,True,repair_12_xx_to_1_xx,3.8,H,UNDER,HOME_WIN,1-1,1-1 (11.4%) | 1-0 (11.1%) | 2-1 (9.7%),"Philadelphia Union Win, 1-1",Philadelphia Union Win,18/04/2026,USA,MLS,Philadelphia Union,DC United,25.8,52.4,21.8,HIGH,1.7,12-31,50.0,50.0,Under,3.8,1,1
2026-04-18,Belgium,Pro League,KVC Westerlo,KRC Genk,0.33899999999999997,0.259,0.402,0.599,0.401,0.402,MODERATE,1.48,1.67,False,ok,3.9,A,OVER,OVER_2_5,1-1,1-1 (10.6%) | 1-2 (8.8%) | 2-1 (7.9%),Over 2.5,KRC Genk Win,18/04/2026,Belgium,Pro League,KVC Westerlo,KRC Genk,25.9,33.9,40.2,MODERATE,1.48,1.67,59.9,40.1,Over,3.9,1,1
2026-04-18,USA,MLS,FC Cincinnati,Chicago Fire,0.376,0.259,0.365,0.602,0.39799999999999996,0.376,LOW,1.5,1.31,True,repair_12_xx_to_1_xx,3.8,H,OVER,OVER_2_5,1-1,1-1 (10.7%) | 1-2 (8.7%) | 2-1 (8.0%),Over 2.5,FC Cincinnati Win,18/04/2026,USA,MLS,FC Cincinnati,Chicago Fire,25.9,37.6,36.5,LOW,1.5,12-31,60.2,39.8,Over,3.8,1,1
2026-04-18,Australia,A-League Men,Brisbane Roar,Melbourne City,0.26899999999999996,0.26,0.47100000000000003,0.514,0.486,0.47100000000000003,MODERATE,1.17,1.62,False,ok,3.9,A,OVER,OVER_2_5,1-1,1-1 (11.6%) | 0-1 (9.9%) | 1-2 (9.4%),Melbourne City Win,Melbourne City Win,18/04/2026,Australia,A-League Men,Brisbane Roar,Melbourne City,26.0,26.9,47.1,MODERATE,1.17,1.62,51.4,48.6,Over,3.9,1,1
2026-04-18,England,League Two,Crewe Alexandra,Milton Keynes Dons,0.252,0.26,0.48700000000000004,0.521,0.479,0.48700000000000004,MODERATE,1.11,1.31,True,repair_12_xx_to_1_xx,4.0,A,OVER,OVER_2_5,1-1,1-1 (11.7%) | 0-1 (10.5%) | 1-2 (9.5%),Milton Keynes Dons Win,Milton Keynes Dons Win,18/04/2026,England,League Two,Crewe Alexandra,Milton Keynes Dons,26.0,25.2,48.7,MODERATE,1.11,12-31,52.1,47.9,Over,4.0,1,1
2026-04-18,England,National League,Brackley Town,Aldershot Town,0.321,0.26,0.419,0.564,0.436,0.419,MODERATE,1.43,1.31,True,repair_12_xx_to_1_xx,3.7,A,OVER,OVER_2_5,1-1,1-1 (11.6%) | 1-2 (8.5%) | 2-1 (8.3%),Aldershot Town Win,Aldershot Town Win,18/04/2026,England,National League,Brackley Town,Aldershot Town,26.0,32.1,41.9,MODERATE,1.43,12-31,56.4,43.6,Over,3.7,1,1
2026-04-18,Germany,2. Bundesliga,Hannover 96,SC Paderborn 07,0.42700000000000005,0.26,0.314,0.598,0.402,0.42700000000000005,MODERATE,1.59,1.31,True,repair_12_xx_to_1_xx,3.9,H,OVER,OVER_2_5,1-1,1-1 (11.2%) | 2-1 (8.9%) | 1-0 (7.9%),Over 2.5,Hannover 96 Win,18/04/2026,Germany,2. Bundesliga,Hannover 96,SC Paderborn 07,26.0,42.7,31.4,MODERATE,1.59,12-31,59.8,40.2,Over,3.9,1,1
2026-04-18,England,National League,Hartlepool United,Forest Green Rovers,0.282,0.262,0.455,0.56,0.44,0.455,MODERATE,1.34,1.31,True,repair_12_xx_to_1_xx,3.9,A,OVER,OVER_2_5,1-1,1-1 (11.5%) | 1-2 (9.0%) | 0-1 (8.5%),Forest Green Rovers Win,Forest Green Rovers Win,18/04/2026,England,National League,Hartlepool United,Forest Green Rovers,26.2,28.2,45.5,MODERATE,1.34,12-31,56.0,44.0,Over,3.9,1,1
2026-04-18,Germany,2. Bundesliga,Arminia Bielefeld,1. FC Nürnberg,0.479,0.262,0.259,0.561,0.439,0.479,MODERATE,1.71,1.31,True,repair_12_xx_to_1_xx,3.9,H,OVER,OVER_2_5,1-1,1-1 (11.2%) | 2-1 (9.5%) | 1-0 (9.2%),Arminia Bielefeld Win,Arminia Bielefeld Win,18/04/2026,Germany,2. Bundesliga,Arminia Bielefeld,1. FC Nürnberg,26.2,47.9,25.9,MODERATE,1.71,12-31,56.1,43.9,Over,3.9,1,1
2026-04-18,Spain,Copa del Rey,Atlético Madrid,Real Sociedad,0.523,0.262,0.215,0.493,0.507,0.523,HIGH,1.54,1.0,False,ok,4.0,H,UNDER,HOME_WIN,1-0,1-0 (12.1%) | 1-1 (12.1%) | 2-0 (9.4%),"Atlético Madrid Win, 1-0",Atlético Madrid Win,18/04/2026,Spain,Copa del Rey,Atlético Madrid,Real Sociedad,26.2,52.3,21.5,HIGH,1.54,1,49.3,50.7,Under,4.0,1,0
2026-04-18,Spain,LaLiga 2,CD Castellón,Burgos Club de Fútbol,0.545,0.262,0.192,0.46299999999999997,0.537,0.545,HIGH,1.51,1.3,True,repair_12_xx_to_1_xx,4.0,H,UNDER,HOME_WIN,1-0,1-0 (13.5%) | 1-1 (12.2%) | 2-0 (10.2%),"CD Castellón Win, 1-0",CD Castellón Win,18/04/2026,Spain,LaLiga 2,CD Castellón,Burgos Club de Fútbol,26.2,54.5,19.2,HIGH,1.51,12-30,46.3,53.7,Under,4.0,1,0
2026-04-18,USA,MLS,CF Montréal,New York Red Bulls,0.36700000000000005,0.262,0.371,0.596,0.40399999999999997,0.371,LOW,1.44,1.31,True,repair_12_xx_to_1_xx,3.9,A,OVER,OVER_2_5,1-1,1-1 (10.8%) | 1-2 (8.9%) | 2-1 (7.8%),Over 2.5,New York Red Bulls Win,18/04/2026,USA,MLS,CF Montréal,New York Red Bulls,26.2,36.7,37.1,LOW,1.44,12-31,59.6,40.4,Over,3.9,1,1
2026-04-17,China,CFA Super League,Zhejiang,Beijing Guoan,0.434,0.263,0.303,0.613,0.387,0.434,MODERATE,1.63,1.38,False,ok,3.9,H,OVER,OVER_2_5,1-1,1-1 (11.1%) | 2-1 (9.0%) | 1-0 (8.0%),Over 2.5,Zhejiang Win,17/04/2026,China,CFA Super League,Zhejiang,Beijing Guoan,26.3,43.4,30.3,MODERATE,1.63,1.38,61.3,38.7,Over,3.9,1,1
2026-04-18,England,League One,Mansfield Town,Luton Town,0.294,0.263,0.44299999999999995,0.5489999999999999,0.451,0.44299999999999995,MODERATE,1.26,1.57,False,ok,3.9,A,OVER,OVER_2_5,1-1,1-1 (11.7%) | 0-1 (9.3%) | 1-2 (9.2%),Luton Town Win,Luton Town Win,18/04/2026,England,League One,Mansfield Town,Luton Town,26.3,29.4,44.3,MODERATE,1.26,1.57,54.9,45.1,Over,3.9,1,1
2026-04-18,England,League One,Bolton Wanderers,Huddersfield Town,0.462,0.264,0.273,0.5589999999999999,0.441,0.462,MODERATE,1.62,1.21,False,ok,3.9,H,OVER,OVER_2_5,1-1,1-1 (11.6%) | 1-0 (9.5%) | 2-1 (9.4%),Bolton Wanderers Win,Bolton Wanderers Win,18/04/2026,England,League One,Bolton Wanderers,Huddersfield Town,26.4,46.2,27.3,MODERATE,1.62,1.21,55.9,44.1,Over,3.9,1,1
2026-04-18,England,Premier League,Chelsea,Manchester United,0.433,0.264,0.302,0.614,0.386,0.433,MODERATE,1.62,1.42,False,ok,4.0,H,OVER,OVER_2_5,1-1,1-1 (11.0%) | 2-1 (8.9%) | 1-2 (7.8%),Over 2.5,Chelsea Win,18/04/2026,England,Premier League,Chelsea,Manchester United,26.4,43.3,30.2,MODERATE,1.62,1.42,61.4,38.6,Over,4.0,1,1
2026-04-17,Peru,Liga 1,Los Chankas CYC,Club Atlético Grau,0.563,0.265,0.171,0.42200000000000004,0.578,0.563,HIGH,1.4,0.87,False,ok,4.0,H,UNDER,UNDER_2_5,1-0,1-0 (14.5%) | 1-1 (12.6%) | 0-0 (10.4%),"Los Chankas CYC Win, 1-0",Los Chankas CYC Win,17/04/2026,Peru,Liga 1,Los Chankas CYC,Club Atlético Grau,26.5,56.3,17.1,HIGH,1.4,0.87,42.2,57.8,Under,4.0,1,0
2026-04-18,Greece,Stoiximan Super League,Aris Thessaloniki,NPS Volos,0.5660000000000001,0.265,0.168,0.457,0.5429999999999999,0.5660000000000001,HIGH,1.48,1.3,True,repair_12_xx_to_1_xx,3.9,H,UNDER,HOME_WIN,1-0,1-0 (14.3%) | 1-1 (12.2%) | 2-0 (10.6%),"Aris Thessaloniki Win, 1-0",Aris Thessaloniki Win,18/04/2026,Greece,Stoiximan Super League,Aris Thessaloniki,NPS Volos,26.5,56.6,16.8,HIGH,1.48,12-30,45.7,54.3,Under,3.9,1,0
2026-04-18,Belgium,Pro League,RC Sporting Charleroi,Standard Liège,0.515,0.266,0.218,0.48700000000000004,0.513,0.515,HIGH,1.52,0.95,False,ok,4.0,H,UNDER,HOME_WIN,1-0,1-0 (12.9%) | 1-1 (12.2%) | 2-0 (9.8%),"RC Sporting Charleroi Win, 1-0",RC Sporting Charleroi Win,18/04/2026,Belgium,Pro League,RC Sporting Charleroi,Standard Liège,26.6,51.5,21.8,HIGH,1.52,0.95,48.7,51.3,Under,4.0,1,0
2026-04-18,England,National League,Gateshead,Woking,0.41700000000000004,0.266,0.318,0.57,0.43,0.41700000000000004,MODERATE,1.52,1.31,True,repair_12_xx_to_1_xx,3.9,H,OVER,OVER_2_5,1-1,1-1 (11.4%) | 2-1 (8.7%) | 1-0 (8.1%),Gateshead Win,Gateshead Win,18/04/2026,England,National League,Gateshead,Woking,26.6,41.7,31.8,MODERATE,1.52,12-31,57.0,43.0,Over,3.9,1,1
2026-04-18,England,National League,Truro City,Carlisle United,0.231,0.266,0.503,0.494,0.506,0.503,HIGH,0.95,1.45,False,ok,3.8,A,UNDER,UNDER_2_5,0-1,0-1 (13.2%) | 1-1 (12.5%) | 0-2 (9.5%),"Carlisle United Win, 0-1",Carlisle United Win,18/04/2026,England,National League,Truro City,Carlisle United,26.6,23.1,50.3,HIGH,0.95,1.45,49.4,50.6,Under,3.8,0,1
2026-04-18,Germany,Bundesliga,SV Werder Bremen,Hamburger SV,0.47700000000000004,0.266,0.257,0.551,0.449,0.47700000000000004,MODERATE,1.61,1.31,True,repair_12_xx_to_1_xx,3.9,H,OVER,OVER_2_5,1-1,1-1 (11.7%) | 1-0 (9.9%) | 2-1 (9.4%),SV Werder Bremen Win,SV Werder Bremen Win,18/04/2026,Germany,Bundesliga,SV Werder Bremen,Hamburger SV,26.6,47.7,25.7,MODERATE,1.61,12-31,55.1,44.9,Over,3.9,1,1
2026-04-18,Japan,J1 League,Cerezo Osaka,Kyoto Sanga FC,0.418,0.266,0.316,0.561,0.439,0.418,MODERATE,1.49,1.31,True,repair_12_xx_to_1_xx,3.9,H,OVER,OVER_2_5,1-1,1-1 (12.0%) | 1-0 (9.4%) | 2-1 (8.9%),Cerezo Osaka Win,Cerezo Osaka Win,18/04/2026,Japan,J1 League,Cerezo Osaka,Kyoto Sanga FC,26.6,41.8,31.6,MODERATE,1.49,12-31,56.1,43.9,Over,3.9,1,1
2026-04-18,Mexico,"Liga MX, Clausura",Club Necaxa,Tigres UANL,0.249,0.266,0.484,0.528,0.47200000000000003,0.484,MODERATE,1.11,1.31,True,repair_12_xx_to_1_xx,3.8,A,OVER,OVER_2_5,1-1,1-1 (11.7%) | 0-1 (10.5%) | 1-2 (9.5%),Tigres UANL Win,Tigres UANL Win,18/04/2026,Mexico,"Liga MX, Clausura",Club Necaxa,Tigres UANL,26.6,24.9,48.4,MODERATE,1.11,12-31,52.8,47.2,Over,3.8,1,1
2026-04-18,Brazil,Brasileirão Série B,Náutico,São Bernardo,0.551,0.268,0.182,0.441,0.5589999999999999,0.551,HIGH,1.4,1.3,True,repair_12_xx_to_1_xx,4.0,H,UNDER,UNDER_2_5,1-0,1-0 (14.7%) | 1-1 (12.6%) | 0-0 (10.5%),"Náutico Win, 1-0",Náutico Win,18/04/2026,Brazil,Brasileirão Série B,Náutico,São Bernardo,26.8,55.1,18.2,HIGH,1.4,12-30,44.1,55.9,Under,4.0,1,0
2026-04-18,England,National League,Eastleigh,Tamworth,0.402,0.26899999999999996,0.32799999999999996,0.57,0.43,0.402,MODERATE,1.53,1.31,True,repair_12_xx_to_1_xx,3.6,H,OVER,OVER_2_5,1-1,1-1 (11.2%) | 2-1 (8.6%) | 1-2 (8.2%),Eastleigh Win,Eastleigh Win,18/04/2026,England,National League,Eastleigh,Tamworth,26.9,40.2,32.8,MODERATE,1.53,12-31,57.0,43.0,Over,3.6,1,1
2026-04-18,Japan,J1 League,Kashima Antlers,Urawa Red Diamonds,0.47700000000000004,0.27,0.253,0.489,0.511,0.47700000000000004,MODERATE,1.53,1.31,True,repair_12_xx_to_1_xx,3.8,H,UNDER,UNDER_2_5,1-1,1-1 (12.2%) | 1-0 (11.6%) | 2-1 (9.3%),Kashima Antlers Win,Kashima Antlers Win,18/04/2026,Japan,J1 League,Kashima Antlers,Urawa Red Diamonds,27.0,47.7,25.3,MODERATE,1.53,12-31,48.9,51.1,Under,3.8,1,1
2026-04-18,USA,MLS,Toronto FC,Austin FC,0.49700000000000005,0.27,0.23399999999999999,0.49,0.51,0.49700000000000005,MODERATE,1.55,1.31,True,repair_12_xx_to_1_xx,3.9,H,UNDER,UNDER_2_5,1-1,1-1 (12.1%) | 1-0 (12.0%) | 2-1 (9.4%),Toronto FC Win,Toronto FC Win,18/04/2026,USA,MLS,Toronto FC,Austin FC,27.0,49.7,23.4,MODERATE,1.55,12-31,49.0,51.0,Under,3.9,1,1
2026-04-18,Germany,Bundesliga,1. FC Union Berlin,VfL Wolfsburg,0.434,0.271,0.294,0.511,0.489,0.434,MODERATE,1.52,1.31,True,repair_12_xx_to_1_xx,4.0,H,OVER,OVER_2_5,1-1,1-1 (12.0%) | 1-0 (9.9%) | 2-1 (9.1%),1. FC Union Berlin Win,1. FC Union Berlin Win,18/04/2026,Germany,Bundesliga,1. FC Union Berlin,VfL Wolfsburg,27.1,43.4,29.4,MODERATE,1.52,12-31,51.1,48.9,Over,4.0,1,1
2026-04-18,Sweden,Allsvenskan,Halmstads BK,IFK Göteborg,0.249,0.271,0.48,0.489,0.511,0.48,MODERATE,1.0,1.31,True,repair_12_xx_to_1_xx,3.8,A,UNDER,UNDER_2_5,1-1,1-1 (12.3%) | 0-1 (12.3%) | 1-2 (9.2%),IFK Göteborg Win,IFK Göteborg Win,18/04/2026,Sweden,Allsvenskan,Halmstads BK,IFK Göteborg,27.1,24.9,48.0,MODERATE,1.0,12-31,48.9,51.1,Under,3.8,1,1
2026-04-18,Argentina,Liga Profesional de Fútbol,CA Independiente,Defensa y Justicia,0.5529999999999999,0.272,0.175,0.41600000000000004,0.584,0.5529999999999999,HIGH,1.39,1.3,True,repair_12_xx_to_1_xx,3.9,H,UNDER,UNDER_2_5,1-0,1-0 (14.0%) | 1-1 (12.7%) | 0-0 (10.1%),"CA Independiente Win, 1-0, Under 2.5",CA Independiente Win,18/04/2026,Argentina,Liga Profesional de Fútbol,CA Independiente,Defensa y Justicia,27.2,55.3,17.5,HIGH,1.39,12-30,41.6,58.4,Under,3.9,1,0
2026-04-18,Japan,J1 League,Yokohama F. Marinos,Kawasaki Frontale,0.336,0.272,0.392,0.569,0.431,0.392,MODERATE,1.48,1.31,True,repair_12_xx_to_1_xx,3.8,A,OVER,OVER_2_5,1-1,1-1 (10.9%) | 1-2 (8.7%) | 2-1 (8.1%),Kawasaki Frontale Win,Kawasaki Frontale Win,18/04/2026,Japan,J1 League,Yokohama F. Marinos,Kawasaki Frontale,27.2,33.6,39.2,MODERATE,1.48,12-31,56.9,43.1,Over,3.8,1,1
2026-04-18,USA,MLS,Atlanta United,Nashville SC,0.281,0.272,0.447,0.514,0.486,0.447,MODERATE,1.2,1.31,True,repair_12_xx_to_1_xx,3.8,A,OVER,OVER_2_5,1-1,1-1 (11.9%) | 0-1 (9.9%) | 1-2 (9.2%),Nashville SC Win,Nashville SC Win,18/04/2026,USA,MLS,Atlanta United,Nashville SC,27.2,28.1,44.7,MODERATE,1.2,12-31,51.4,48.6,Over,3.8,1,1
2026-04-18,England,Championship,Hull City,Birmingham City,0.387,0.273,0.34,0.517,0.483,0.387,MODERATE,1.36,1.3,False,ok,3.9,H,OVER,OVER_2_5,1-1,1-1 (12.4%) | 1-0 (9.5%) | 0-1 (9.1%),Hull City Win,Hull City Win,18/04/2026,England,Championship,Hull City,Birmingham City,27.3,38.7,34.0,MODERATE,1.36,1.3,51.7,48.3,Over,3.9,1,1
2026-04-18,England,Championship,Watford,Sheffield United,0.345,0.273,0.382,0.531,0.469,0.382,MODERATE,1.32,1.48,False,ok,4.1,A,OVER,OVER_2_5,1-1,1-1 (11.9%) | 0-1 (9.0%) | 1-2 (8.8%),Sheffield United Win,Sheffield United Win,18/04/2026,England,Championship,Watford,Sheffield United,27.3,34.5,38.2,MODERATE,1.32,1.48,53.1,46.9,Over,4.1,1,1
2026-04-18,England,League Two,Gillingham,Grimsby Town,0.23600000000000002,0.273,0.49,0.462,0.5379999999999999,0.49,MODERATE,0.9,1.31,True,repair_12_xx_to_1_xx,4.1,A,UNDER,UNDER_2_5,0-1,0-1 (14.2%) | 1-1 (12.8%) | 0-0 (10.5%),Grimsby Town Win,Grimsby Town Win,18/04/2026,England,League Two,Gillingham,Grimsby Town,27.3,23.6,49.0,MODERATE,0.9,12-31,46.2,53.8,Under,4.1,0,1
2026-04-18,England,National League,Solihull Moors,Boston United,0.423,0.273,0.304,0.56,0.44,0.423,MODERATE,1.54,1.31,True,repair_12_xx_to_1_xx,3.9,H,OVER,OVER_2_5,1-1,1-1 (11.7%) | 1-0 (9.1%) | 2-1 (9.0%),Solihull Moors Win,Solihull Moors Win,18/04/2026,England,National League,Solihull Moors,Boston United,27.3,42.3,30.4,MODERATE,1.54,12-31,56.0,44.0,Over,3.9,1,1
2026-04-18,England,Championship,Derby County,Oxford United,0.502,0.27399999999999997,0.22399999999999998,0.461,0.539,0.502,HIGH,1.49,0.93,False,ok,4.0,H,UNDER,UNDER_2_5,1-0,1-0 (13.2%) | 1-1 (12.3%) | 2-0 (9.9%),"Derby County Win, 1-0",Derby County Win,18/04/2026,England,Championship,Derby County,Oxford United,27.4,50.2,22.4,HIGH,1.49,0.93,46.1,53.9,Under,4.0,1,0
2026-04-17,France,Ligue 2,Pau FC,Guingamp,0.313,0.275,0.41200000000000003,0.532,0.46799999999999997,0.41200000000000003,MODERATE,1.25,1.49,False,ok,4.2,A,OVER,OVER_2_5,1-1,1-1 (12.0%) | 0-1 (9.6%) | 1-2 (9.0%),Guingamp Win,Guingamp Win,17/04/2026,France,Ligue 2,Pau FC,Guingamp,27.5,31.3,41.2,MODERATE,1.25,1.49,53.2,46.8,Over,4.2,1,1
2026-04-18,England,Championship,Bristol City,Norwich City,0.353,0.275,0.37200000000000005,0.515,0.485,0.37200000000000005,LOW,1.28,1.37,False,ok,3.8,A,OVER,OVER_2_5,1-1,1-1 (12.4%) | 0-1 (9.7%) | 1-0 (9.1%),Norwich City Win,Norwich City Win,18/04/2026,England,Championship,Bristol City,Norwich City,27.5,35.3,37.2,LOW,1.28,1.37,51.5,48.5,Over,3.8,1,1
2026-04-18,England,League One,Barnsley,Bradford City,0.304,0.275,0.42100000000000004,0.525,0.475,0.42100000000000004,MODERATE,1.25,1.42,False,ok,3.9,A,OVER,OVER_2_5,1-1,1-1 (12.3%) | 0-1 (9.9%) | 1-2 (8.7%),Bradford City Win,Bradford City Win,18/04/2026,England,League One,Barnsley,Bradford City,27.5,30.4,42.1,MODERATE,1.25,1.42,52.5,47.5,Over,3.9,1,1
2026-04-18,England,National League,FC Halifax Town,Southend United,0.267,0.275,0.45799999999999996,0.52,0.48,0.45799999999999996,MODERATE,1.07,1.31,True,repair_12_xx_to_1_xx,3.9,A,OVER,OVER_2_5,1-1,1-1 (12.4%) | 0-1 (11.6%) | 1-2 (9.1%),Southend United Win,Southend United Win,18/04/2026,England,National League,FC Halifax Town,Southend United,27.5,26.7,45.8,MODERATE,1.07,12-31,52.0,48.0,Over,3.9,1,1
2026-04-18,Mexico,"Liga MX, Clausura",Atlético San Luis,Pumas UNAM,0.345,0.275,0.38,0.552,0.44799999999999995,0.38,LOW,1.34,1.56,False,ok,3.9,A,OVER,OVER_2_5,1-1,1-1 (11.5%) | 1-2 (9.0%) | 0-1 (8.6%),Pumas UNAM Win,Pumas UNAM Win,18/04/2026,Mexico,"Liga MX, Clausura",Atlético San Luis,Pumas UNAM,27.5,34.5,38.0,LOW,1.34,1.56,55.2,44.8,Over,3.9,1,1
2026-04-18,Peru,Liga 1,Sport Huancayo,Deportivo Garcilaso,0.521,0.275,0.205,0.45899999999999996,0.541,0.521,HIGH,1.49,1.3,True,repair_12_xx_to_1_xx,4.0,H,UNDER,UNDER_2_5,1-0,1-0 (14.0%) | 1-1 (12.2%) | 2-0 (10.5%),"Sport Huancayo Win, 1-0",Sport Huancayo Win,18/04/2026,Peru,Liga 1,Sport Huancayo,Deportivo Garcilaso,27.5,52.1,20.5,HIGH,1.49,12-30,45.9,54.1,Under,4.0,1,0
2026-04-18,Portugal,Liga Portugal 2,União Leiria,Penafiel,0.521,0.275,0.204,0.48100000000000004,0.519,0.521,HIGH,1.45,1.3,True,repair_12_xx_to_1_xx,4.0,H,UNDER,HOME_WIN,1-0,1-0 (13.7%) | 1-1 (12.5%) | 2-0 (9.9%),"União Leiria Win, 1-0",União Leiria Win,18/04/2026,Portugal,Liga Portugal 2,União Leiria,Penafiel,27.5,52.1,20.4,HIGH,1.45,12-30,48.1,51.9,Under,4.0,1,0
2026-04-18,USA,MLS,New England Revolution,Columbus Crew,0.318,0.275,0.40700000000000003,0.531,0.469,0.40700000000000003,MODERATE,1.29,1.31,True,repair_12_xx_to_1_xx,3.8,A,OVER,OVER_2_5,1-1,1-1 (11.9%) | 0-1 (9.2%) | 1-2 (8.9%),Columbus Crew Win,Columbus Crew Win,18/04/2026,USA,MLS,New England Revolution,Columbus Crew,27.5,31.8,40.7,MODERATE,1.29,12-31,53.1,46.9,Over,3.8,1,1
2026-04-18,Brazil,Brasileirão Série B,Avaí,Ponte Preta,0.539,0.27699999999999997,0.184,0.43700000000000006,0.563,0.539,HIGH,1.38,1.3,True,repair_12_xx_to_1_xx,3.9,H,UNDER,UNDER_2_5,1-0,1-0 (14.3%) | 1-1 (12.7%) | 0-0 (10.4%),"Avaí Win, 1-0",Avaí Win,18/04/2026,Brazil,Brasileirão Série B,Avaí,Ponte Preta,27.7,53.9,18.4,HIGH,1.38,12-30,43.7,56.3,Under,3.9,1,0
2026-04-18,England,League Two,Crawley Town,Shrewsbury Town,0.49200000000000005,0.27699999999999997,0.231,0.462,0.5379999999999999,0.49200000000000005,MODERATE,1.51,1.3,True,repair_12_xx_to_1_xx,3.7,H,UNDER,UNDER_2_5,1-0,1-0 (13.5%) | 1-1 (12.2%) | 2-0 (10.2%),Crawley Town Win,Crawley Town Win,18/04/2026,England,League Two,Crawley Town,Shrewsbury Town,27.7,49.2,23.1,MODERATE,1.51,12-30,46.2,53.8,Under,3.7,1,0
2026-04-18,England,League Two,Fleetwood Town,Chesterfield,0.308,0.27699999999999997,0.415,0.512,0.488,0.415,MODERATE,1.25,1.31,True,repair_12_xx_to_1_xx,4.0,A,OVER,OVER_2_5,1-1,1-1 (12.3%) | 0-1 (9.8%) | 1-2 (8.8%),Chesterfield Win,Chesterfield Win,18/04/2026,England,League Two,Fleetwood Town,Chesterfield,27.7,30.8,41.5,MODERATE,1.25,12-31,51.2,48.8,Over,4.0,1,1
2026-04-18,Turkey,Trendyol Süper Lig,Fatih Karagümrük,Eyüpspor,0.48700000000000004,0.27699999999999997,0.237,0.46299999999999997,0.537,0.48700000000000004,MODERATE,1.49,1.31,True,repair_12_xx_to_1_xx,4.0,H,UNDER,UNDER_2_5,1-0,1-0 (12.4%) | 1-1 (12.4%) | 2-0 (9.2%),Fatih Karagümrük Win,Fatih Karagümrük Win,18/04/2026,Turkey,Trendyol Süper Lig,Fatih Karagümrük,Eyüpspor,27.7,48.7,23.7,MODERATE,1.49,12-31,46.3,53.7,Under,4.0,1,0
2026-04-18,Belgium,Pro League,KV Mechelen,RSC Anderlecht,0.32299999999999995,0.278,0.39899999999999997,0.55,0.45,0.39899999999999997,MODERATE,1.25,1.31,True,repair_12_xx_to_1_xx,3.9,A,OVER,OVER_2_5,1-1,1-1 (12.2%) | 0-1 (9.8%) | 1-2 (8.8%),RSC Anderlecht Win,RSC Anderlecht Win,18/04/2026,Belgium,Pro League,KV Mechelen,RSC Anderlecht,27.8,32.3,39.9,MODERATE,1.25,12-31,55.0,45.0,Over,3.9,1,1
2026-04-18,Peru,Liga 1,ADC Juan Pablo II,Comerciantes Unidos,0.49200000000000005,0.278,0.23,0.467,0.5329999999999999,0.49200000000000005,MODERATE,1.45,1.31,True,repair_12_xx_to_1_xx,4.0,H,UNDER,UNDER_2_5,1-1,1-1 (12.5%) | 1-0 (12.4%) | 2-1 (9.1%),ADC Juan Pablo II Win,ADC Juan Pablo II Win,18/04/2026,Peru,Liga 1,ADC Juan Pablo II,Comerciantes Unidos,27.8,49.2,23.0,MODERATE,1.45,12-31,46.7,53.3,Under,4.0,1,1
2026-04-18,Spain,LaLiga 2,Cultural Leonesa,Córdoba,0.37,0.278,0.353,0.501,0.499,0.37,LOW,1.4,1.31,True,repair_12_xx_to_1_xx,5.1,H,OVER,OVER_2_5,1-1,1-1 (12.1%) | 1-0 (8.9%) | 0-1 (8.6%),Cultural Leonesa Win,Cultural Leonesa Win,18/04/2026,Spain,LaLiga 2,Cultural Leonesa,Córdoba,27.8,37.0,35.3,LOW,1.4,12-31,50.1,49.9,Over,5.1,1,1
2026-04-17,Sweden,Allsvenskan,Djurgårdens IF,Malmö FF,0.39899999999999997,0.27899999999999997,0.322,0.524,0.47600000000000003,0.39899999999999997,MODERATE,1.36,1.22,False,ok,3.9,H,OVER,OVER_2_5,1-1,1-1 (12.6%) | 1-0 (10.4%) | 0-1 (9.3%),Djurgårdens IF Win,Djurgårdens IF Win,17/04/2026,Sweden,Allsvenskan,Djurgårdens IF,Malmö FF,27.9,39.9,32.2,MODERATE,1.36,1.22,52.4,47.6,Over,3.9,1,1
2026-04-18,France,Ligue 2,Stade de Reims,Red Star FC,0.491,0.27899999999999997,0.22899999999999998,0.46,0.54,0.491,MODERATE,1.45,1.3,True,repair_12_xx_to_1_xx,4.0,H,UNDER,UNDER_2_5,1-0,1-0 (13.6%) | 1-1 (12.5%) | 2-0 (9.9%),Stade de Reims Win,Stade de Reims Win,18/04/2026,France,Ligue 2,Stade de Reims,Red Star FC,27.9,49.1,22.9,MODERATE,1.45,12-30,46.0,54.0,Under,4.0,1,0
2026-04-18,Italy,Serie B,Modena,Frosinone,0.376,0.27899999999999997,0.344,0.5529999999999999,0.447,0.376,LOW,1.37,1.31,True,repair_12_xx_to_1_xx,4.2,H,OVER,OVER_2_5,1-1,1-1 (12.0%) | 0-1 (8.8%) | 1-0 (8.7%),Modena Win,Modena Win,18/04/2026,Italy,Serie B,Modena,Frosinone,27.9,37.6,34.4,LOW,1.37,12-31,55.3,44.7,Over,4.2,1,1
2026-04-17,Portugal,Liga Portugal 2,Académico Viseu FC,Feirense,0.523,0.281,0.196,0.418,0.5820000000000001,0.523,HIGH,1.31,0.86,False,ok,4.0,H,UNDER,UNDER_2_5,1-0,1-0 (15.0%) | 1-1 (12.9%) | 0-0 (11.4%),"Académico Viseu FC Win, 1-0, Under 2.5",Académico Viseu FC Win,17/04/2026,Portugal,Liga Portugal 2,Académico Viseu FC,Feirense,28.1,52.3,19.6,HIGH,1.31,0.86,41.8,58.2,Under,4.0,1,0
2026-04-18,France,Ligue 2,Bastia,Saint-Étienne,0.258,0.281,0.461,0.466,0.534,0.461,MODERATE,1.06,1.35,False,ok,4.3,A,UNDER,UNDER_2_5,1-1,1-1 (12.9%) | 0-1 (12.2%) | 1-0 (9.5%),Saint-Étienne Win,Saint-Étienne Win,18/04/2026,France,Ligue 2,Bastia,Saint-Étienne,28.1,25.8,46.1,MODERATE,1.06,1.35,46.6,53.4,Under,4.3,1,1
2026-04-18,Finland,Veikkausliiga,FC Lahti,Inter Turku,0.24100000000000002,0.282,0.478,0.449,0.551,0.478,MODERATE,0.98,1.31,True,repair_12_xx_to_1_xx,3.8,A,UNDER,UNDER_2_5,0-1,0-1 (13.1%) | 1-1 (12.7%) | 0-0 (9.4%),Inter Turku Win,Inter Turku Win,18/04/2026,Finland,Veikkausliiga,FC Lahti,Inter Turku,28.2,24.1,47.8,MODERATE,0.98,12-31,44.9,55.1,Under,3.8,0,1
2026-04-18,England,League Two,Tranmere Rovers,Bristol Rovers,0.332,0.28300000000000003,0.385,0.479,0.521,0.385,MODERATE,1.22,1.31,True,repair_12_xx_to_1_xx,3.9,A,UNDER,UNDER_2_5,1-1,1-1 (12.4%) | 0-1 (10.2%) | 1-0 (8.9%),Bristol Rovers Win,Bristol Rovers Win,18/04/2026,England,League Two,Tranmere Rovers,Bristol Rovers,28.3,33.2,38.5,MODERATE,1.22,12-31,47.9,52.1,Under,3.9,1,1
2026-04-18,Greece,Stoiximan Super League,Panetolikos,MGS Panserraikos,0.528,0.284,0.188,0.402,0.598,0.528,HIGH,1.42,1.3,True,repair_12_xx_to_1_xx,4.2,H,UNDER,UNDER_2_5,1-0,1-0 (16.0%) | 1-1 (12.2%) | 2-0 (11.4%),"Panetolikos Win, 1-0, Under 2.5",Panetolikos Win,18/04/2026,Greece,Stoiximan Super League,Panetolikos,MGS Panserraikos,28.4,52.8,18.8,HIGH,1.42,12-30,40.2,59.8,Under,4.2,1,0
2026-04-17,England,Championship,Blackburn Rovers,Coventry City,0.235,0.285,0.48,0.461,0.539,0.48,MODERATE,0.91,1.31,True,repair_12_xx_to_1_xx,3.8,A,UNDER,UNDER_2_5,0-1,0-1 (13.9%) | 1-1 (12.6%) | 0-0 (9.8%),Coventry City Win,Coventry City Win,17/04/2026,England,Championship,Blackburn Rovers,Coventry City,28.5,23.5,48.0,MODERATE,0.91,12-31,46.1,53.9,Under,3.8,0,1
2026-04-18,England,Championship,Portsmouth,Leicester City,0.418,0.285,0.298,0.45399999999999996,0.546,0.418,MODERATE,1.31,1.07,False,ok,4.0,H,UNDER,UNDER_2_5,1-1,1-1 (13.0%) | 1-0 (12.1%) | 0-1 (9.9%),Portsmouth Win,Portsmouth Win,18/04/2026,England,Championship,Portsmouth,Leicester City,28.5,41.8,29.8,MODERATE,1.31,1.07,45.4,54.6,Under,4.0,1,1
2026-04-18,Portugal,Liga Portugal Betclic,CD Nacional,FC Alverca,0.418,0.285,0.297,0.507,0.493,0.418,MODERATE,1.42,1.14,False,ok,3.9,H,OVER,OVER_2_5,1-1,1-1 (12.5%) | 1-0 (11.0%) | 2-1 (8.9%),CD Nacional Win,CD Nacional Win,18/04/2026,Portugal,Liga Portugal Betclic,CD Nacional,FC Alverca,28.5,41.8,29.7,MODERATE,1.42,1.14,50.7,49.3,Over,3.9,1,1
2026-04-18,Brazil,Brasileirão Série A,Chapecoense,Botafogo,0.289,0.287,0.424,0.46799999999999997,0.532,0.424,MODERATE,1.15,1.42,False,ok,3.9,A,UNDER,UNDER_2_5,1-1,1-1 (12.5%) | 0-1 (10.9%) | 1-2 (8.9%),Botafogo Win,Botafogo Win,18/04/2026,Brazil,Brasileirão Série A,Chapecoense,Botafogo,28.7,28.9,42.4,MODERATE,1.15,1.42,46.8,53.2,Under,3.9,1,1
2026-04-18,England,Championship,Preston North End,West Bromwich Albion,0.257,0.287,0.456,0.451,0.5489999999999999,0.456,MODERATE,0.96,1.31,True,repair_12_xx_to_1_xx,3.8,A,UNDER,UNDER_2_5,0-1,0-1 (13.4%) | 1-1 (12.8%) | 0-0 (9.9%),West Bromwich Albion Win,West Bromwich Albion Win,18/04/2026,England,Championship,Preston North End,West Bromwich Albion,28.7,25.7,45.6,MODERATE,0.96,12-31,45.1,54.9,Under,3.8,0,1
2026-04-18,England,League Two,Barrow AFC,Walsall,0.392,0.287,0.32,0.43799999999999994,0.562,0.392,MODERATE,1.26,1.31,True,repair_12_xx_to_1_xx,3.8,H,UNDER,UNDER_2_5,1-1,1-1 (13.1%) | 1-0 (11.6%) | 0-1 (10.3%),Barrow AFC Win,Barrow AFC Win,18/04/2026,England,League Two,Barrow AFC,Walsall,28.7,39.2,32.0,MODERATE,1.26,12-31,43.8,56.2,Under,3.8,1,1
2026-04-18,England,League Two,Notts County,Barnet,0.40399999999999997,0.287,0.309,0.488,0.512,0.40399999999999997,MODERATE,1.38,1.31,True,repair_12_xx_to_1_xx,3.7,H,UNDER,UNDER_2_5,1-1,1-1 (12.6%) | 1-0 (10.6%) | 0-1 (9.1%),Notts County Win,Notts County Win,18/04/2026,England,League Two,Notts County,Barnet,28.7,40.4,30.9,MODERATE,1.38,12-31,48.8,51.2,Under,3.7,1,1
2026-04-17,Turkey,Trendyol Süper Lig,Antalyaspor,Konyaspor,0.317,0.28800000000000003,0.395,0.488,0.512,0.395,MODERATE,1.2,1.39,False,ok,4.4,A,UNDER,UNDER_2_5,1-1,1-1 (12.5%) | 0-1 (10.4%) | 1-0 (9.0%),Konyaspor Win,Konyaspor Win,17/04/2026,Turkey,Trendyol Süper Lig,Antalyaspor,Konyaspor,28.8,31.7,39.5,MODERATE,1.2,1.39,48.8,51.2,Under,4.4,1,1
2026-04-18,Belgium,Pro League,Royal Antwerp FC,Oud-Heverlee Leuven,0.41100000000000003,0.28800000000000003,0.301,0.49,0.51,0.41100000000000003,MODERATE,1.38,1.31,True,repair_12_xx_to_1_xx,4.0,H,UNDER,UNDER_2_5,1-1,1-1 (12.6%) | 1-0 (11.0%) | 0-1 (9.2%),Royal Antwerp FC Win,Royal Antwerp FC Win,18/04/2026,Belgium,Pro League,Royal Antwerp FC,Oud-Heverlee Leuven,28.8,41.1,30.1,MODERATE,1.38,12-31,49.0,51.0,Under,4.0,1,1
2026-04-18,England,League Two,Harrogate Town,Colchester United,0.307,0.28800000000000003,0.405,0.48,0.52,0.405,MODERATE,1.12,1.31,True,repair_12_xx_to_1_xx,3.9,A,UNDER,UNDER_2_5,1-1,1-1 (12.6%) | 0-1 (11.2%) | 1-0 (9.0%),Colchester United Win,Colchester United Win,18/04/2026,England,League Two,Harrogate Town,Colchester United,28.8,30.7,40.5,MODERATE,1.12,12-31,48.0,52.0,Under,3.9,1,1
2026-04-18,Portugal,Liga Portugal Betclic,Gil Vicente,Vitória SC,0.445,0.28800000000000003,0.267,0.449,0.551,0.445,MODERATE,1.43,1.31,True,repair_12_xx_to_1_xx,4.2,H,UNDER,UNDER_2_5,1-1,1-1 (12.6%) | 1-0 (12.3%) | 2-1 (9.0%),Gil Vicente Win,Gil Vicente Win,18/04/2026,Portugal,Liga Portugal Betclic,Gil Vicente,Vitória SC,28.8,44.5,26.7,MODERATE,1.43,12-31,44.9,55.1,Under,4.2,1,1
2026-04-18,England,League Two,Oldham Athletic,Salford City,0.366,0.289,0.345,0.5,0.5,0.366,LOW,1.22,1.31,True,repair_12_xx_to_1_xx,4.0,H,UNDER,OVER_2_5,1-1,1-1 (12.9%) | 0-1 (10.6%) | 1-0 (10.2%),Oldham Athletic Win,Oldham Athletic Win,18/04/2026,England,League Two,Oldham Athletic,Salford City,28.9,36.6,34.5,LOW,1.22,12-31,50.0,50.0,Under,4.0,1,1
2026-04-18,Mexico,"Liga MX, Clausura",Mazatlán FC,Querétaro FC,0.33799999999999997,0.29,0.37200000000000005,0.512,0.488,0.37200000000000005,LOW,1.22,1.31,True,repair_12_xx_to_1_xx,3.9,A,OVER,OVER_2_5,1-1,1-1 (12.5%) | 0-1 (10.3%) | 1-0 (9.0%),Querétaro FC Win,Querétaro FC Win,18/04/2026,Mexico,"Liga MX, Clausura",Mazatlán FC,Querétaro FC,29.0,33.8,37.2,LOW,1.22,12-31,51.2,48.8,Over,3.9,1,1
2026-04-18,Italy,Serie A,Roma,Atalanta,0.39,0.29100000000000004,0.319,0.473,0.527,0.39,MODERATE,1.32,1.31,True,repair_12_xx_to_1_xx,4.1,H,UNDER,UNDER_2_5,1-1,1-1 (12.8%) | 1-0 (11.0%) | 0-1 (9.7%),Roma Win,Roma Win,18/04/2026,Italy,Serie A,Roma,Atalanta,29.1,39.0,31.9,MODERATE,1.32,12-31,47.3,52.7,Under,4.1,1,1
2026-04-18,Italy,Serie B,Juve Stabia,Catanzaro,0.401,0.293,0.305,0.45399999999999996,0.546,0.401,MODERATE,1.34,1.31,True,repair_12_xx_to_1_xx,4.3,H,UNDER,UNDER_2_5,1-1,1-1 (12.8%) | 1-0 (11.8%) | 0-1 (9.5%),Juve Stabia Win,Juve Stabia Win,18/04/2026,Italy,Serie B,Juve Stabia,Catanzaro,29.3,40.1,30.5,MODERATE,1.34,12-31,45.4,54.6,Under,4.3,1,1
2026-04-17,France,Ligue 2,Nancy,Annecy FC,0.37,0.295,0.33399999999999996,0.42700000000000005,0.573,0.37,LOW,1.13,1.13,False,ok,3.9,H,UNDER,UNDER_2_5,1-1,1-1 (13.3%) | 0-1 (11.8%) | 1-0 (11.8%),Nancy Win,Nancy Win,17/04/2026,France,Ligue 2,Nancy,Annecy FC,29.5,37.0,33.4,LOW,1.13,1.13,42.7,57.3,Under,3.9,1,1
2026-04-18,England,League Two,Cheltenham Town,Newport County,0.396,0.295,0.308,0.46,0.54,0.396,MODERATE,1.33,1.31,True,repair_12_xx_to_1_xx,4.3,H,UNDER,UNDER_2_5,1-1,1-1 (12.9%) | 1-0 (11.9%) | 0-1 (9.7%),Cheltenham Town Win,Cheltenham Town Win,18/04/2026,England,League Two,Cheltenham Town,Newport County,29.5,39.6,30.8,MODERATE,1.33,12-31,46.0,54.0,Under,4.3,1,1
2026-04-18,Italy,Serie B,Spezia,Südtirol,0.397,0.29600000000000004,0.307,0.447,0.5529999999999999,0.397,MODERATE,1.28,1.31,True,repair_12_xx_to_1_xx,4.8,H,UNDER,UNDER_2_5,1-1,1-1 (13.1%) | 1-0 (12.3%) | 0-1 (10.2%),Spezia Win,Spezia Win,18/04/2026,Italy,Serie B,Spezia,Südtirol,29.6,39.7,30.7,MODERATE,1.28,12-31,44.7,55.3,Under,4.8,1,1
2026-04-18,Brazil,Brasileirão Série B,CRB,Juventude,0.45799999999999996,0.297,0.245,0.44299999999999995,0.557,0.45799999999999996,MODERATE,1.29,1.01,False,ok,3.9,H,UNDER,UNDER_2_5,1-1,1-1 (13.1%) | 1-0 (12.9%) | 0-1 (10.1%),CRB Win,CRB Win,18/04/2026,Brazil,Brasileirão Série B,CRB,Juventude,29.7,45.8,24.5,MODERATE,1.29,1.01,44.3,55.7,Under,3.9,1,1
2026-04-18,Chile,Chilean Primera División,Everton de Viña del Mar,Universidad de Chile,0.254,0.297,0.449,0.419,0.581,0.449,MODERATE,0.9,1.21,False,ok,4.1,A,UNDER,UNDER_2_5,0-1,0-1 (14.6%) | 1-1 (13.2%) | 0-0 (12.1%),Under 2.5,Universidad de Chile Win,18/04/2026,Chile,Chilean Primera División,Everton de Viña del Mar,Universidad de Chile,29.7,25.4,44.9,MODERATE,0.9,1.21,41.9,58.1,Under,4.1,0,1
2026-04-18,Greece,Stoiximan Super League,AE Kifisia,Asteras Aktor,0.47,0.298,0.23199999999999998,0.43200000000000005,0.568,0.47,MODERATE,1.3,1.3,True,repair_12_xx_to_1_xx,4.0,H,UNDER,UNDER_2_5,1-0,1-0 (14.5%) | 1-1 (13.0%) | 0-0 (11.2%),AE Kifisia Win,AE Kifisia Win,18/04/2026,Greece,Stoiximan Super League,AE Kifisia,Asteras Aktor,29.8,47.0,23.2,MODERATE,1.3,12-30,43.2,56.8,Under,4.0,1,0
2026-04-17,Germany,Bundesliga,FC St. Pauli,1. FC Köln,0.316,0.299,0.386,0.47,0.53,0.386,MODERATE,1.12,1.33,False,ok,4.0,A,UNDER,UNDER_2_5,1-1,1-1 (12.9%) | 0-1 (11.4%) | 1-0 (9.7%),1. FC Köln Win,1. FC Köln Win,17/04/2026,Germany,Bundesliga,FC St. Pauli,1. FC Köln,29.9,31.6,38.6,MODERATE,1.12,1.33,47.0,53.0,Under,4.0,1,1
2026-04-18,Brazil,Brasileirão Série A,Vasco da Gama,São Paulo,0.408,0.301,0.29100000000000004,0.434,0.5660000000000001,0.408,MODERATE,1.27,1.04,False,ok,4.0,H,UNDER,UNDER_2_5,1-1,1-1 (13.1%) | 1-0 (12.6%) | 0-1 (10.3%),Vasco da Gama Win,Vasco da Gama Win,18/04/2026,Brazil,Brasileirão Série A,Vasco da Gama,São Paulo,30.1,40.8,29.1,MODERATE,1.27,1.04,43.4,56.6,Under,4.0,1,1
2026-04-17,Sweden,Allsvenskan,Degerfors IF,IF Elfsborg,0.359,0.303,0.33899999999999997,0.423,0.5770000000000001,0.359,LOW,1.15,1.15,False,ok,4.1,H,UNDER,UNDER_2_5,1-1,1-1 (13.3%) | 1-0 (11.6%) | 0-1 (11.5%),Degerfors IF Win,Degerfors IF Win,17/04/2026,Sweden,Allsvenskan,Degerfors IF,IF Elfsborg,30.3,35.9,33.9,LOW,1.15,1.15,42.3,57.7,Under,4.1,1,1
2026-04-18,Brazil,Brasileirão Série B,América Mineiro,Sport Recife,0.38799999999999996,0.303,0.309,0.426,0.574,0.38799999999999996,MODERATE,1.16,1.31,True,repair_12_xx_to_1_xx,4.1,H,UNDER,UNDER_2_5,1-1,1-1 (13.3%) | 1-0 (12.2%) | 0-1 (11.5%),América Mineiro Win,América Mineiro Win,18/04/2026,Brazil,Brasileirão Série B,América Mineiro,Sport Recife,30.3,38.8,30.9,MODERATE,1.16,12-31,42.6,57.4,Under,4.1,1,1
2026-04-17,Italy,Serie B,Sampdoria,Monza,0.263,0.304,0.43200000000000005,0.41700000000000004,0.583,0.43200000000000005,MODERATE,0.97,1.28,False,ok,4.5,A,UNDER,UNDER_2_5,0-1,0-1 (13.6%) | 1-1 (13.1%) | 0-0 (10.6%),Under 2.5,Monza Win,17/04/2026,Italy,Serie B,Sampdoria,Monza,30.4,26.3,43.2,MODERATE,0.97,1.28,41.7,58.3,Under,4.5,0,1
2026-04-18,Greece,Stoiximan Super League,OFI Crete,APO Levadiakos,0.318,0.304,0.377,0.474,0.526,0.377,LOW,1.1,1.31,True,repair_12_xx_to_1_xx,4.2,A,UNDER,UNDER_2_5,1-1,1-1 (12.9%) | 0-1 (11.7%) | 1-0 (9.9%),APO Levadiakos Win,APO Levadiakos Win,18/04/2026,Greece,Stoiximan Super League,OFI Crete,APO Levadiakos,30.4,31.8,37.7,LOW,1.1,12-31,47.4,52.6,Under,4.2,1,1
2026-04-18,Italy,Serie B,Mantova,Avellino,0.42200000000000004,0.304,0.27399999999999997,0.461,0.539,0.42200000000000004,MODERATE,1.31,1.31,True,repair_12_xx_to_1_xx,5.4,H,UNDER,UNDER_2_5,1-1,1-1 (13.0%) | 1-0 (12.7%) | 0-1 (9.9%),Mantova Win,Mantova Win,18/04/2026,Italy,Serie B,Mantova,Avellino,30.4,42.2,27.4,MODERATE,1.31,12-31,46.1,53.9,Under,5.4,1,1
2026-04-18,England,League One,Stevenage,Lincoln City,0.319,0.307,0.374,0.385,0.615,0.374,LOW,1.07,1.31,True,repair_12_xx_to_1_xx,4.2,A,UNDER,UNDER_2_5,1-1,1-1 (13.5%) | 0-1 (12.6%) | 1-0 (12.5%),Under 2.5,Lincoln City Win,18/04/2026,England,League One,Stevenage,Lincoln City,30.7,31.9,37.4,LOW,1.07,12-31,38.5,61.5,Under,4.2,1,1
2026-04-18,Japan,J1 League,Tokyo Verdy,JEF United Chiba,0.405,0.307,0.289,0.39,0.61,0.405,MODERATE,1.21,1.3,True,repair_12_xx_to_1_xx,4.2,H,UNDER,UNDER_2_5,1-0,1-0 (13.4%) | 1-1 (13.3%) | 0-0 (11.1%),Under 2.5,Tokyo Verdy Win,18/04/2026,Japan,J1 League,Tokyo Verdy,JEF United Chiba,30.7,40.5,28.9,MODERATE,1.21,12-30,39.0,61.0,Under,4.2,1,0
2026-04-18,Greece,Stoiximan Super League,Atromitos Athens,AE Larisa,0.46,0.309,0.23199999999999998,0.389,0.611,0.46,MODERATE,1.26,0.9,False,ok,4.3,H,UNDER,UNDER_2_5,1-0,1-0 (14.6%) | 1-1 (13.1%) | 0-0 (11.6%),"Atromitos Athens Win, Under 2.5",Atromitos Athens Win,18/04/2026,Greece,Stoiximan Super League,Atromitos Athens,AE Larisa,30.9,46.0,23.2,MODERATE,1.26,0.9,38.9,61.1,Under,4.3,1,0
2026-04-18,Brazil,Brasileirão Série B,Vila Nova FC,Operário-PR,0.40299999999999997,0.31,0.287,0.375,0.625,0.40299999999999997,MODERATE,1.2,0.98,False,ok,4.4,H,UNDER,UNDER_2_5,1-0,1-0 (13.5%) | 1-1 (13.3%) | 0-0 (11.3%),Under 2.5,Vila Nova FC Win,18/04/2026,Brazil,Brasileirão Série B,Vila Nova FC,Operário-PR,31.0,40.3,28.7,MODERATE,1.2,0.98,37.5,62.5,Under,4.4,1,0
2026-04-18,Portugal,Liga Portugal 2,Paços de Ferreira,Chaves,0.299,0.31,0.391,0.41700000000000004,0.583,0.391,MODERATE,1.03,1.31,True,repair_12_xx_to_1_xx,4.2,A,UNDER,UNDER_2_5,1-1,1-1 (13.3%) | 0-1 (13.0%) | 1-0 (11.2%),Under 2.5,Chaves Win,18/04/2026,Portugal,Liga Portugal 2,Paços de Ferreira,Chaves,31.0,29.9,39.1,MODERATE,1.03,12-31,41.7,58.3,Under,4.2,1,1
2026-04-18,Portugal,Liga Portugal 2,Torreense,Marítimo,0.32299999999999995,0.314,0.363,0.46299999999999997,0.537,0.363,LOW,1.01,1.31,True,repair_12_xx_to_1_xx,4.0,A,UNDER,UNDER_2_5,1-1,1-1 (13.2%) | 0-1 (13.1%) | 1-0 (10.8%),Marítimo Win,Marítimo Win,18/04/2026,Portugal,Liga Portugal 2,Torreense,Marítimo,31.4,32.3,36.3,LOW,1.01,12-31,46.3,53.7,Under,4.0,1,1
2026-04-18,Portugal,Liga Portugal Betclic,Casa Pia,Santa Clara,0.249,0.314,0.43700000000000006,0.37799999999999995,0.622,0.43700000000000006,MODERATE,0.95,1.11,False,ok,4.2,A,UNDER,UNDER_2_5,0-1,0-1 (14.1%) | 1-1 (13.4%) | 0-0 (12.6%),Under 2.5,Santa Clara Win,18/04/2026,Portugal,Liga Portugal Betclic,Casa Pia,Santa Clara,31.4,24.9,43.7,MODERATE,0.95,1.11,37.8,62.2,Under,4.2,0,1
2026-04-18,France,Ligue 1,Angers,Le Havre,0.32899999999999996,0.316,0.355,0.4,0.6,0.355,LOW,1.08,1.31,True,repair_12_xx_to_1_xx,3.8,A,UNDER,UNDER_2_5,1-1,1-1 (13.4%) | 0-1 (12.4%) | 1-0 (11.7%),Under 2.5,Le Havre Win,18/04/2026,France,Ligue 1,Angers,Le Havre,31.6,32.9,35.5,LOW,1.08,12-31,40.0,60.0,Under,3.8,1,1
2026-04-18,Italy,Serie A,Udinese,Parma,0.442,0.318,0.24,0.40700000000000003,0.593,0.442,MODERATE,1.27,1.3,True,repair_12_xx_to_1_xx,4.1,H,UNDER,UNDER_2_5,1-0,1-0 (15.4%) | 1-1 (12.9%) | 0-0 (12.1%),Under 2.5,Udinese Win,18/04/2026,Italy,Serie A,Udinese,Parma,31.8,44.2,24.0,MODERATE,1.27,12-30,40.7,59.3,Under,4.1,1,0
2026-04-18,Brazil,Brasileirão Série A,Vitória,Corinthians,0.34,0.32,0.34,0.377,0.623,0.34,LOW,1.1,1.15,False,ok,4.1,A,UNDER,UNDER_2_5,1-1,1-1 (13.3%) | 0-1 (12.1%) | 1-0 (11.6%),Under 2.5,Corinthians Win,18/04/2026,Brazil,Brasileirão Série A,Vitória,Corinthians,32.0,34.0,34.0,LOW,1.1,1.15,37.7,62.3,Under,4.1,1,1
2026-04-18,Turkey,Trendyol Süper Lig,Kocaelispor,Göztepe,0.33799999999999997,0.32,0.342,0.37799999999999995,0.622,0.342,LOW,1.13,1.31,True,repair_12_xx_to_1_xx,4.4,A,UNDER,UNDER_2_5,1-1,1-1 (13.4%) | 1-0 (12.5%) | 0-1 (11.9%),Under 2.5,Göztepe Win,18/04/2026,Turkey,Trendyol Süper Lig,Kocaelispor,Göztepe,32.0,33.8,34.2,LOW,1.13,12-31,37.8,62.2,Under,4.4,1,1
2026-04-18,Argentina,Liga Profesional de Fútbol,Instituto De Córdoba,Estudiantes de La Plata,0.34299999999999997,0.321,0.337,0.359,0.6409999999999999,0.34299999999999997,LOW,1.1,1.31,True,repair_12_xx_to_1_xx,4.4,H,UNDER,UNDER_2_5,1-1,1-1 (13.4%) | 1-0 (12.3%) | 0-1 (12.2%),Under 2.5,Instituto De Córdoba Win,18/04/2026,Argentina,Liga Profesional de Fútbol,Instituto De Córdoba,Estudiantes de La Plata,32.1,34.3,33.7,LOW,1.1,12-31,35.9,64.1,Under,4.4,1,1
