Date,Country,League,Home Team,Away Team,Best Pick,P(Draw),Predicted Winner,P(Home Win),P(Away Win),Confidence,Expected Home Goals,Expected Away Goals,Expected Score,Top 3 Scores,P(Over 2.5),P(Under 2.5),O/U Lean,Expected Bookings
18/04/2026,England,National League,York City,Yeovil Town,"York City Win, 2-0, Over 2.5",10.7,York City Win,84.6,4.6,HIGH,2.82,12-30,2-0,2-0 (13.6%) | 3-0 (12.8%) | 1-0 (9.6%),70.7,29.3,Over,2.8
18/04/2026,Finland,Veikkausliiga,AC Oulu,VPS,"AC Oulu Win, Over 2.5",10.7,AC Oulu Win,49.6,39.7,MODERATE,2.27,1-1,2-2,2-2 (6.8%) | 1-2 (6.0%) | 2-3 (5.7%),81.3,18.7,Over,2.5
18/04/2026,Norway,Eliteserien,Bodø/Glimt,Aalesunds FK,"Bodø/Glimt Win, 2-0, Over 2.5",11.0,Bodø/Glimt Win,82.7,6.3,HIGH,2.82,0.58,2-0,2-0 (13.3%) | 3-0 (12.5%) | 1-0 (9.4%),76.7,23.3,Over,2.5
18/04/2026,Argentina,Liga Profesional de Fútbol,Gimnasia y Esgrima,Estudiantes de Río Cuarto,"Estudiantes de Río Cuarto Win, 1-2, Over 2.5",11.2,Estudiantes de Río Cuarto Win,32.3,56.5,HIGH,1.54,1-1,1-2,1-2 (8.3%) | 1-3 (7.2%) | 1-1 (6.5%),79.8,20.2,Over,2.5
18/04/2026,Chile,Chilean Primera División,Deportes Limache,Universidad de Concepción,"Universidad de Concepción Win, 1-2, Over 2.5",11.2,Universidad de Concepción Win,32.3,56.5,HIGH,1.54,2.58,1-2,1-2 (8.3%) | 1-3 (7.2%) | 1-1 (6.5%),79.8,20.2,Over,2.5
18/04/2026,China,CFA Super League,Dalian Yingbo FC,Henan FC Jiuzu Dukang,"Henan FC Jiuzu Dukang Win, 1-2, Over 2.5",11.2,Henan FC Jiuzu Dukang Win,32.3,56.5,HIGH,1.54,2.58,1-2,1-2 (8.3%) | 1-3 (7.2%) | 1-1 (6.5%),79.8,20.2,Over,2.5
18/04/2026,Peru,Liga 1,FC Cajamarca,Asociación Deportiva Tarma,"Asociación Deportiva Tarma Win, 1-2, Over 2.5",11.2,Asociación Deportiva Tarma Win,32.3,56.5,HIGH,1.54,1-1,1-2,1-2 (8.3%) | 1-3 (7.2%) | 1-1 (6.5%),79.8,20.2,Over,2.5
18/04/2026,USA,MLS,Vancouver Whitecaps,Vancouver Whitecaps,"Vancouver Whitecaps Win, 2-0, Over 2.5",11.3,Vancouver Whitecaps Win,83.1,5.6,HIGH,2.9,12-30,2-0,2-0 (11.4%) | 3-0 (11.0%) | 2-1 (8.1%),73.7,26.3,Over,2.7
18/04/2026,Finland,Veikkausliiga,TPS,SJK,"SJK Win, Over 2.5",12.4,SJK Win,39.8,47.8,MODERATE,1.7,1-1,1-2,1-2 (7.8%) | 1-3 (6.8%) | 2-2 (6.6%),82.9,17.1,Over,2.8
18/04/2026,Finland,Ykkösliiga,Jippo Joensuu,KTP,"KTP Win, Over 2.5",13.1,KTP Win,41.5,45.4,MODERATE,1.88,1-1,1-2,1-2 (7.5%) | 2-2 (7.1%) | 1-1 (6.3%),82.9,17.1,Over,2.7
18/04/2026,Sweden,Allsvenskan,Hammarby IF,Hammarby IF,"Hammarby IF Win, 2-0, Over 2.5",14.3,Hammarby IF Win,77.6,8.1,HIGH,2.64,12-30,2-0,2-0 (13.0%) | 3-0 (11.4%) | 1-0 (9.8%),67.0,33.0,Over,3.7
17/04/2026,Italy,Serie A,Inter,Cagliari,"Inter Win, 2-0, Over 2.5",14.8,Inter Win,78.5,6.7,HIGH,2.67,12-30,2-0,2-0 (13.1%) | 3-0 (11.7%) | 1-0 (9.8%),60.0,40.0,Over,4.1
18/04/2026,England,National League,Braintree Town,Rochdale,"Rochdale Win, 0-2, Over 2.5",17.0,Rochdale Win,9.9,73.1,HIGH,0.79,1-1,0-2,0-2 (11.9%) | 0-1 (9.9%) | 0-3 (9.5%),59.8,40.2,Over,3.2
17/04/2026,Turkey,Trendyol Süper Lig,Fenerbahçe,Çaykur Rizespor,"Fenerbahçe Win, 2-0, Over 2.5",17.1,Fenerbahçe Win,72.8,10.1,HIGH,2.47,12-30,2-0,2-0 (13.5%) | 3-0 (11.1%) | 1-0 (10.9%),64.6,35.4,Over,3.7
17/04/2026,Germany,2. Bundesliga,SV 07 Elversberg,Karlsruher SC,"SV 07 Elversberg Win, 2-0, Over 2.5",18.1,SV 07 Elversberg Win,67.8,14.1,HIGH,2.41,0.77,2-0,2-0 (12.0%) | 1-0 (10.0%) | 3-0 (9.7%),68.5,31.5,Over,3.6
18/04/2026,Germany,Bundesliga,Bayer 04 Leverkusen,FC Augsburg,"Bayer 04 Leverkusen Win, 2-0, Over 2.5",18.2,Bayer 04 Leverkusen Win,69.5,12.3,HIGH,2.39,12-30,2-0,2-0 (12.2%) | 1-0 (10.2%) | 3-0 (9.7%),65.6,34.4,Over,3.8
18/04/2026,China,CFA Super League,Shanghai Shenhua,Liaoning Tieren FC,"Shanghai Shenhua Win, 2-0, Over 2.5",18.7,Shanghai Shenhua Win,67.8,13.4,HIGH,2.47,0.75,2-0,2-0 (12.2%) | 3-0 (10.0%) | 1-0 (9.8%),60.7,39.3,Over,3.4
18/04/2026,Turkey,Trendyol Süper Lig,Gençlerbirliği,Gençlerbirliği,"Galatasaray Win, 0-2, Over 2.5",18.8,Galatasaray Win,12.0,69.2,HIGH,0.77,1-1,0-2,0-2 (12.3%) | 0-1 (10.8%) | 1-2 (9.5%),60.0,40.0,Over,4.0
18/04/2026,Mexico,"Liga MX, Clausura",Cruz Azul,Club Tijuana,"Cruz Azul Win, 2-0, Over 2.5",19.7,Cruz Azul Win,66.7,13.6,HIGH,2.42,12-30,2-0,2-0 (10.8%) | 2-1 (9.5%) | 1-0 (8.9%),64.2,35.8,Over,3.4
17/04/2026,China,CFA Super League,Wuhan Three Towns,Chengdu Rongcheng,"Chengdu Rongcheng Win, 0-2, Over 2.5",19.8,Chengdu Rongcheng Win,14.0,66.2,HIGH,0.86,2.31,0-2,0-2 (11.2%) | 0-1 (9.7%) | 1-2 (9.6%),59.2,40.8,Over,3.5
17/04/2026,France,Ligue 1,RC Lens,Toulouse,"RC Lens Win, 2-0",20.4,RC Lens Win,65.4,14.2,HIGH,2.15,12-30,2-0,2-0 (12.0%) | 1-0 (11.2%) | 2-1 (9.7%),57.1,42.9,Over,4.0
18/04/2026,Australia,A-League Men,Sydney FC,Perth Glory,"Sydney FC Win, 2-0, Over 2.5",20.6,Sydney FC Win,62.8,16.6,HIGH,2.27,12-30,2-0,2-0 (11.5%) | 1-0 (10.1%) | 2-1 (9.6%),61.8,38.2,Over,3.8
18/04/2026,England,National League,Morecambe,Boreham Wood,"Boreham Wood Win, 1-2, Over 2.5",20.9,Boreham Wood Win,19.7,59.4,HIGH,1.1,2.15,1-2,1-2 (9.9%) | 1-1 (9.2%) | 0-2 (8.9%),70.3,29.7,Over,2.9
18/04/2026,Italy,Serie B,Bari,Venezia,"Venezia Win, 0-2, Over 2.5",20.9,Venezia Win,14.6,64.5,HIGH,0.89,2.17,0-2,0-2 (11.0%) | 0-1 (10.2%) | 1-2 (9.8%),60.1,39.9,Over,3.7
17/04/2026,China,CFA Super League,Yunnan Yukun,Tianjin Jinmen Tiger,"Yunnan Yukun Win, 2-0, Over 2.5",21.1,Yunnan Yukun Win,63.3,15.6,HIGH,2.22,0.96,2-0,2-0 (10.3%) | 2-1 (9.8%) | 1-0 (9.3%),61.2,38.8,Over,3.6
18/04/2026,Finland,Veikkausliiga,IF Gnistan,HJK,"HJK Win, 1-2, Over 2.5",21.3,HJK Win,18.4,60.3,HIGH,1.09,1-1,1-2,1-2 (9.9%) | 1-1 (9.6%) | 0-2 (9.1%),66.2,33.8,Over,3.5
18/04/2026,Sweden,Allsvenskan,Mjällby AIF,Mjällby AIF,"Mjällby AIF Win, 2-0",21.5,Mjällby AIF Win,63.6,14.9,HIGH,2.06,12-30,2-0,2-0 (13.3%) | 1-0 (12.9%) | 2-1 (9.5%),55.3,44.7,Over,3.9
18/04/2026,Japan,J1 League,Sanfrecce Hiroshima,V-Varen Nagasaki,"Sanfrecce Hiroshima Win, 2-0",21.6,Sanfrecce Hiroshima Win,63.5,14.9,HIGH,2.14,12-30,2-0,2-0 (11.6%) | 1-0 (10.9%) | 2-1 (9.8%),55.7,44.3,Over,3.6
17/04/2026,Italy,Serie A,Sassuolo,Como,"Como Win, 0-2",22.0,Como Win,15.5,62.4,HIGH,0.9,2.06,0-2,0-2 (11.0%) | 0-1 (10.7%) | 1-2 (9.9%),56.4,43.6,Over,3.7
18/04/2026,Finland,Veikkausliiga,FF Jaro,KuPS,"KuPS Win, 0-2",22.1,KuPS Win,16.5,61.4,HIGH,1.0,1-1,0-2,0-2 (10.0%) | 0-1 (10.0%) | 1-2 (10.0%),57.9,42.1,Over,3.7
18/04/2026,France,Ligue 1,Lille,Nice,"Lille Win, 2-0",22.1,Lille Win,63.9,14.1,HIGH,2.02,12-30,2-0,2-0 (11.9%) | 1-0 (11.8%) | 2-1 (9.8%),53.3,46.7,Over,4.0
18/04/2026,France,Ligue 2,Troyes,US Boulogne Côte-d'Opale,"Troyes Win, 2-0",22.2,Troyes Win,63.0,14.7,HIGH,2.08,12-30,2-0,2-0 (12.9%) | 1-0 (12.4%) | 2-1 (9.5%),51.9,48.1,Over,4.0
18/04/2026,England,League One,Reading,Cardiff City,"Cardiff City Win, 1-1, Over 2.5",22.4,Cardiff City Win,22.2,55.5,HIGH,1.09,12-31,1-1,1-1 (10.5%) | 1-2 (9.9%) | 0-1 (9.7%),58.3,41.7,Over,3.7
18/04/2026,Norway,Eliteserien,Viking FK,SK Brann,"Viking FK Win, 2-1, Over 2.5",22.6,Viking FK Win,52.6,24.7,HIGH,2.12,12-31,2-1,2-1 (9.7%) | 1-1 (9.2%) | 2-0 (8.1%),64.1,35.9,Over,3.8
18/04/2026,USA,MLS,Colorado Rapids,Colorado Rapids,"Inter Miami CF Win, 1-1, Over 2.5",22.8,Inter Miami CF Win,26.5,50.7,HIGH,1.17,12-31,1-1,1-1 (10.2%) | 1-2 (9.8%) | 0-1 (8.8%),68.5,31.5,Over,3.5
18/04/2026,England,Championship,Swansea City,Southampton,"Southampton Win, 1-1",22.9,Southampton Win,23.1,54.0,HIGH,1.04,1.94,1-1,1-1 (10.3%) | 1-2 (9.9%) | 0-1 (9.8%),53.7,46.3,Over,3.8
18/04/2026,Italy,Serie B,Palermo,Cesena,"Palermo Win, 2-0",22.9,Palermo Win,60.7,16.4,HIGH,2.04,0.9,2-0,2-0 (11.0%) | 1-0 (10.8%) | 2-1 (9.9%),55.1,44.9,Over,4.7
17/04/2026,France,Ligue 2,Rodez AF,Amiens SC,"Rodez AF Win, 2-0",23.1,Rodez AF Win,58.0,19.0,HIGH,2.06,12-30,2-0,2-0 (10.7%) | 1-0 (10.4%) | 2-1 (9.9%),56.4,43.6,Over,3.8
18/04/2026,France,Ligue 1,Lorient,Olympique de Marseille,"Olympique de Marseille Win, 1-1",23.2,Olympique de Marseille Win,23.3,53.5,HIGH,1.04,12-31,1-1,1-1 (10.5%) | 0-1 (10.2%) | 1-2 (9.9%),56.8,43.2,Over,3.5
18/04/2026,England,League One,Northampton Town,Doncaster Rovers,"Doncaster Rovers Win, 1-1",23.3,Doncaster Rovers Win,21.6,55.1,HIGH,1.01,12-31,1-1,1-1 (10.6%) | 0-1 (10.5%) | 1-2 (9.9%),52.4,47.6,Over,3.6
18/04/2026,Italy,Serie A,Napoli,Lazio,"Napoli Win, 1-0",23.3,Napoli Win,63.2,13.5,HIGH,1.96,12-30,1-0,1-0 (13.0%) | 2-0 (12.8%) | 1-1 (9.8%),43.6,56.4,Under,3.6
18/04/2026,Sweden,Allsvenskan,IK Sirius,IK Sirius,"IK Sirius Win, 2-0",23.4,IK Sirius Win,58.9,17.7,HIGH,2.06,0.9,2-0,2-0 (11.0%) | 1-0 (10.7%) | 2-1 (9.9%),54.8,45.2,Over,3.8
18/04/2026,England,Premier League,Leeds United,Wolverhampton,"Leeds United Win, 1-0",23.5,Leeds United Win,60.5,16.0,HIGH,1.98,0.8,1-0,1-0 (12.3%) | 2-0 (12.2%) | 1-1 (9.8%),50.7,49.3,Over,4.0
18/04/2026,Australia,A-League Men,Wellington Phoenix,Western Sydney Wanderers,Over 2.5,23.9,Wellington Phoenix Win,39.9,36.2,MODERATE,1.66,1.55,1-1,1-1 (10.4%) | 2-1 (8.6%) | 1-2 (8.1%),62.4,37.6,Over,3.9
18/04/2026,England,League Two,Swindon Town,Accrington Stanley,"Swindon Town Win, 2-0",23.9,Swindon Town Win,57.3,18.8,HIGH,2.04,12-30,2-0,2-0 (11.2%) | 1-0 (11.0%) | 2-1 (9.9%),51.6,48.4,Over,3.9
17/04/2026,Australia,A-League Men,Melbourne Victory,Newcastle Jets,Over 2.5,24.0,Melbourne Victory Win,42.6,33.4,MODERATE,1.75,12-31,1-1,1-1 (10.2%) | 2-1 (8.9%) | 1-2 (7.6%),69.6,30.4,Over,3.7
18/04/2026,England,League One,Leyton Orient,Rotherham United,"Leyton Orient Win, 2-0",24.0,Leyton Orient Win,58.1,17.9,HIGH,2.01,0.82,2-0,2-0 (11.9%) | 1-0 (11.8%) | 2-1 (9.8%),50.5,49.5,Over,3.8
18/04/2026,Germany,Bundesliga,Eintracht Frankfurt,RB Leipzig,"RB Leipzig Win, 1-1, Over 2.5",24.1,RB Leipzig Win,25.5,50.4,HIGH,1.17,1.89,1-1,1-1 (10.4%) | 1-2 (9.8%) | 0-1 (8.8%),65.6,34.4,Over,3.9
18/04/2026,USA,MLS,Orlando City SC,Orlando City SC,Over 2.5,24.1,Houston Dynamo Win,37.1,38.7,MODERATE,1.57,12-31,1-1,1-1 (9.9%) | 1-2 (8.7%) | 2-1 (7.7%),62.0,38.0,Over,3.8
18/04/2026,England,League One,AFC Wimbledon,Plymouth Argyle,"Plymouth Argyle Win, 1-1",24.2,Plymouth Argyle Win,24.6,51.2,HIGH,1.04,12-31,1-1,1-1 (10.8%) | 0-1 (10.4%) | 1-2 (9.9%),56.2,43.8,Over,3.6
18/04/2026,Germany,Bundesliga,TSG Hoffenheim,Borussia Dortmund,Over 2.5,24.2,Borussia Dortmund Win,35.2,40.6,MODERATE,1.56,12-31,1-1,1-1 (10.0%) | 1-2 (8.7%) | 2-1 (7.8%),63.8,36.2,Over,3.9
17/04/2026,France,Ligue 2,Le Mans,Clermont Foot,"Le Mans Win, 1-0",24.3,Le Mans Win,57.9,17.8,HIGH,1.9,12-30,1-0,1-0 (11.7%) | 2-0 (11.1%) | 1-1 (10.4%),51.9,48.1,Over,4.2
17/04/2026,Portugal,Liga Portugal Betclic,Rio Ave,AVS - Futebol SAD,"Rio Ave Win, 1-0",24.3,Rio Ave Win,56.9,18.7,HIGH,1.85,0.83,1-0,1-0 (12.7%) | 2-0 (11.8%) | 1-1 (10.5%),49.8,50.2,Under,4.3
18/04/2026,Finland,Veikkausliiga,IFK Mariehamn,Ilves,"Ilves Win, 0-1",24.3,Ilves Win,18.9,56.7,HIGH,0.94,12-31,0-1,0-1 (11.0%) | 0-2 (10.6%) | 1-1 (10.3%),57.3,42.7,Over,3.7
17/04/2026,Spain,LaLiga 2,Las Palmas,Leganés,"Las Palmas Win, 1-0",24.4,Las Palmas Win,57.5,18.1,HIGH,1.86,12-30,1-0,1-0 (12.0%) | 2-0 (11.2%) | 1-1 (10.6%),51.5,48.5,Over,3.8
18/04/2026,England,Championship,Millwall,Queens Park Rangers,"Millwall Win, 1-0",24.4,Millwall Win,57.1,18.5,HIGH,1.85,0.91,1-0,1-0 (11.7%) | 2-0 (10.8%) | 1-1 (10.7%),52.2,47.8,Over,3.7
18/04/2026,England,Championship,Wrexham,Stoke City,"Wrexham Win, 1-0",24.5,Wrexham Win,54.7,20.8,HIGH,1.83,12-30,1-0,1-0 (11.4%) | 1-1 (10.8%) | 2-0 (10.4%),52.6,47.4,Over,3.5
18/04/2026,England,League One,Exeter City,Stockport County,Stockport County Win,24.7,Stockport County Win,25.8,49.5,MODERATE,1.08,12-31,1-1,1-1 (10.5%) | 1-2 (9.9%) | 0-1 (9.7%),55.8,44.2,Over,3.7
18/04/2026,Brazil,Brasileirão Série A,Cruzeiro,Grêmio,"Cruzeiro Win, 1-0",24.9,Cruzeiro Win,57.2,17.9,HIGH,1.76,0.85,1-0,1-0 (13.0%) | 2-0 (11.4%) | 1-1 (11.0%),47.7,52.3,Under,3.7
18/04/2026,England,National League,Wealdstone,Scunthorpe United,Over 2.5,24.9,Scunthorpe United Win,36.5,38.6,MODERATE,1.52,1.69,1-1,1-1 (10.3%) | 1-2 (8.8%) | 2-1 (7.9%),60.0,40.0,Over,3.6
17/04/2026,Spain,LaLiga 2,Real Sociedad B,Racing de Santander,"Racing de Santander Win, Over 2.5",25.0,Racing de Santander Win,26.9,48.1,MODERATE,1.23,12-31,1-1,1-1 (10.3%) | 1-2 (9.7%) | 0-1 (8.3%),61.4,38.6,Over,3.8
18/04/2026,England,National League,Sutton United,Altrincham,"Sutton United Win, Over 2.5",25.0,Sutton United Win,46.8,28.2,MODERATE,1.83,1.26,1-1,1-1 (10.5%) | 2-1 (9.6%) | 1-0 (8.3%),61.8,38.2,Over,3.8
17/04/2026,Argentina,Liga Profesional de Fútbol,Club Atlético Unión de Santa Fe,Newell's Old Boys,"Club Atlético Unión de Santa Fe Win, 1-0",25.1,Club Atlético Unión de Santa Fe Win,61.0,13.9,HIGH,1.73,12-30,1-0,1-0 (16.1%) | 2-0 (13.9%) | 1-1 (10.4%),42.4,57.6,Under,4.0
18/04/2026,England,Championship,Sheffield Wednesday,Charlton Athletic,"Charlton Athletic Win, 0-1",25.1,Charlton Athletic Win,21.0,53.9,HIGH,0.89,12-31,0-1,0-1 (12.3%) | 0-2 (11.0%) | 1-1 (10.9%),45.6,54.4,Under,3.7
18/04/2026,Spain,LaLiga 2,Real Zaragoza,Real Zaragoza,"Real Zaragoza Win, 1-0",25.1,Real Zaragoza Win,53.9,21.0,HIGH,1.79,0.9,1-0,1-0 (12.1%) | 1-1 (10.9%) | 2-0 (10.9%),49.5,50.5,Under,3.9
17/04/2026,France,Ligue 2,Montpellier,Grenoble Foot 38,"Montpellier Win, 1-0",25.2,Montpellier Win,57.5,17.3,HIGH,1.75,12-30,1-0,1-0 (14.7%) | 2-0 (12.8%) | 1-1 (10.7%),50.3,49.7,Over,4.2
18/04/2026,England,League One,Wycombe Wanderers,Blackpool,"Wycombe Wanderers Win, 1-1",25.4,Wycombe Wanderers Win,50.9,23.7,HIGH,1.83,12-31,1-1,1-1 (10.8%) | 1-0 (9.9%) | 2-1 (9.8%),53.2,46.8,Over,3.9
18/04/2026,England,National League,Brackley Town,Aldershot Town,Aldershot Town Win,25.6,Aldershot Town Win,31.8,42.5,MODERATE,1.4,12-31,1-1,1-1 (10.7%) | 1-2 (9.1%) | 0-1 (7.7%),56.4,43.6,Over,3.7
18/04/2026,Germany,2. Bundesliga,SG Dynamo Dresden,VfL Bochum 1848,Over 2.5,25.6,SG Dynamo Dresden Win,39.6,34.8,MODERATE,1.62,1.51,1-1,1-1 (10.7%) | 2-1 (8.7%) | 1-2 (8.1%),59.3,40.7,Over,3.9
18/04/2026,USA,MLS,Philadelphia Union,Philadelphia Union,"Philadelphia Union Win, 1-0",25.6,Philadelphia Union Win,52.4,22.0,HIGH,1.73,0.96,1-0,1-0 (11.7%) | 1-1 (11.3%) | 2-0 (10.2%),50.0,50.0,Under,3.8
17/04/2026,Denmark,Danish Superliga,Brøndby IF,Sønderjyske Fodbold,"Brøndby IF Win, Over 2.5",25.7,Brøndby IF Win,49.1,25.2,MODERATE,1.75,12-31,1-1,1-1 (11.0%) | 2-1 (9.6%) | 1-0 (9.0%),59.6,40.4,Over,3.9
18/04/2026,Australia,A-League Men,Brisbane Roar,Melbourne City,Melbourne City Win,25.7,Melbourne City Win,26.5,47.8,MODERATE,1.05,12-31,1-1,1-1 (11.0%) | 0-1 (10.5%) | 1-2 (9.8%),51.4,48.6,Over,3.8
17/04/2026,Germany,2. Bundesliga,Holstein Kiel,1. FC Kaiserslautern,Holstein Kiel Win,25.9,Holstein Kiel Win,44.2,29.8,MODERATE,1.66,1.33,1-1,1-1 (11.1%) | 2-1 (9.2%) | 1-0 (8.4%),57.4,42.6,Over,4.8
18/04/2026,England,League One,Mansfield Town,Luton Town,Luton Town Win,25.9,Luton Town Win,28.1,46.0,MODERATE,1.22,1.73,1-1,1-1 (11.0%) | 1-2 (9.6%) | 0-1 (9.1%),54.9,45.1,Over,3.9
18/04/2026,England,League Two,Crewe Alexandra,Milton Keynes Dons,Milton Keynes Dons Win,25.9,Milton Keynes Dons Win,24.6,49.6,MODERATE,1.07,12-31,1-1,1-1 (11.1%) | 0-1 (10.3%) | 1-2 (9.8%),52.1,47.9,Over,4.0
18/04/2026,England,National League,Truro City,Carlisle United,"Carlisle United Win, 0-1",25.9,Carlisle United Win,23.7,50.4,HIGH,0.98,1.69,0-1,0-1 (11.7%) | 1-1 (11.5%) | 0-2 (9.9%),49.4,50.6,Under,3.8
18/04/2026,England,Premier League,Brentford,Fulham,Brentford Win,25.9,Brentford Win,45.6,28.5,MODERATE,1.66,1.23,1-1,1-1 (11.4%) | 2-1 (9.4%) | 1-0 (9.2%),54.5,45.5,Over,3.7
18/04/2026,England,Premier League,Newcastle United,Bournemouth,"Newcastle United Win, Over 2.5",25.9,Newcastle United Win,46.8,27.3,MODERATE,1.75,12-31,1-1,1-1 (10.8%) | 2-1 (9.5%) | 1-0 (8.5%),64.0,36.0,Over,4.2
18/04/2026,England,Premier League,Tottenham Hotspur,Brighton & Hove Albion,Brighton & Hove Albion Win,25.9,Brighton & Hove Albion Win,32.6,41.5,MODERATE,1.37,12-31,1-1,1-1 (10.7%) | 1-2 (9.2%) | 0-1 (7.8%),57.0,43.0,Over,3.9
18/04/2026,England,National League,Hartlepool United,Forest Green Rovers,Forest Green Rovers Win,26.0,Forest Green Rovers Win,27.1,46.9,MODERATE,1.15,12-31,1-1,1-1 (10.7%) | 1-2 (9.8%) | 0-1 (9.4%),56.0,44.0,Over,3.8
18/04/2026,Germany,2. Bundesliga,1. FC Magdeburg,Fortuna Düsseldorf,Over 2.5,26.0,1. FC Magdeburg Win,44.6,29.4,MODERATE,1.72,12-31,1-1,1-1 (10.9%) | 2-1 (9.4%) | 1-0 (8.5%),62.5,37.5,Over,3.9
18/04/2026,Belgium,Pro League,KVC Westerlo,KRC Genk,Over 2.5,26.1,KRC Genk Win,32.5,41.4,MODERATE,1.4,12-31,1-1,1-1 (10.6%) | 1-2 (9.1%) | 0-1 (7.5%),59.9,40.1,Over,3.9
18/04/2026,Norway,Eliteserien,Sandefjord Fotball,Rosenborg BK,"Sandefjord Fotball Win, Over 2.5",26.1,Sandefjord Fotball Win,45.3,28.5,MODERATE,1.73,12-31,1-1,1-1 (11.0%) | 2-1 (9.5%) | 1-0 (8.9%),58.6,41.4,Over,3.9
18/04/2026,USA,MLS,New York City FC,New York City FC,"New York City FC Win, 1-1",26.1,New York City FC Win,50.9,23.0,HIGH,1.83,12-31,1-1,1-1 (10.8%) | 1-0 (9.9%) | 2-1 (9.9%),53.8,46.2,Over,3.9
18/04/2026,England,Premier League,Chelsea,Manchester United,Over 2.5,26.2,Chelsea Win,43.5,30.3,MODERATE,1.7,12-31,1-1,1-1 (10.9%) | 2-1 (9.2%) | 1-0 (8.1%),61.4,38.6,Over,4.0
18/04/2026,Germany,2. Bundesliga,Hannover 96,SC Paderborn 07,Over 2.5,26.2,Hannover 96 Win,41.8,32.0,MODERATE,1.62,1.36,1-1,1-1 (11.2%) | 2-1 (9.1%) | 1-0 (8.2%),59.8,40.2,Over,3.9
18/04/2026,Japan,J1 League,Cerezo Osaka,Kyoto Sanga FC,Cerezo Osaka Win,26.3,Cerezo Osaka Win,41.8,31.8,MODERATE,1.52,12-31,1-1,1-1 (11.8%) | 1-0 (9.0%) | 2-1 (8.9%),56.1,43.9,Over,3.9
18/04/2026,Spain,Copa del Rey,Atlético Madrid,Atlético Madrid,"Atlético Madrid Win, 1-0",26.3,Atlético Madrid Win,52.6,21.1,HIGH,1.73,0.93,1-0,1-0 (12.2%) | 1-1 (11.3%) | 2-0 (10.5%),49.3,50.7,Under,4.0
18/04/2026,Spain,LaLiga 2,CD Castellón,CD Castellón,"CD Castellón Win, 1-0",26.3,CD Castellón Win,54.8,19.0,HIGH,1.68,12-30,1-0,1-0 (12.9%) | 1-1 (11.4%) | 2-0 (10.8%),46.3,53.7,Under,4.0
18/04/2026,USA,MLS,FC Cincinnati,FC Cincinnati,Over 2.5,26.4,FC Cincinnati Win,36.8,36.7,LOW,1.59,12-31,1-1,1-1 (9.9%) | 1-2 (8.6%) | 2-1 (7.9%),60.2,39.8,Over,3.8
17/04/2026,Peru,Liga 1,Los Chankas CYC,Club Atlético Grau,"Los Chankas CYC Win, 1-0",26.5,Los Chankas CYC Win,56.6,16.8,HIGH,1.64,0.73,1-0,1-0 (15.4%) | 2-0 (12.6%) | 1-1 (11.2%),42.2,57.8,Under,4.0
18/04/2026,Germany,2. Bundesliga,Arminia Bielefeld,1. FC Nürnberg,Arminia Bielefeld Win,26.5,Arminia Bielefeld Win,47.8,25.7,MODERATE,1.7,1.19,1-1,1-1 (11.2%) | 2-1 (9.6%) | 1-0 (9.4%),56.1,43.9,Over,3.9
18/04/2026,Greece,Stoiximan Super League,Aris Thessaloniki,NPS Volos,"Aris Thessaloniki Win, 1-0",26.5,Aris Thessaloniki Win,56.9,16.6,HIGH,1.64,12-30,1-0,1-0 (14.9%) | 2-0 (12.2%) | 1-1 (11.3%),45.7,54.3,Under,4.0
18/04/2026,Japan,J1 League,Kashima Antlers,Urawa Red Diamonds,Kashima Antlers Win,26.5,Kashima Antlers Win,48.8,24.7,MODERATE,1.61,12-31,1-1,1-1 (11.8%) | 1-0 (11.2%) | 2-1 (9.5%),48.9,51.1,Under,3.8
18/04/2026,Belgium,Pro League,RC Sporting Charleroi,Standard Liège,"RC Sporting Charleroi Win, 1-0",26.6,RC Sporting Charleroi Win,52.0,21.4,HIGH,1.69,0.91,1-0,1-0 (12.5%) | 1-1 (11.4%) | 2-0 (10.6%),48.7,51.3,Under,4.0
18/04/2026,England,National League,Eastleigh,Tamworth,Eastleigh Win,26.6,Eastleigh Win,40.2,33.1,MODERATE,1.45,12-31,1-1,1-1 (11.9%) | 1-0 (8.9%) | 2-1 (8.6%),57.0,43.0,Over,3.6
18/04/2026,Sweden,Allsvenskan,Halmstads BK,Halmstads BK,IFK Göteborg Win,26.6,IFK Göteborg Win,25.1,48.2,MODERATE,0.98,1.65,0-1,0-1 (11.9%) | 1-1 (11.7%) | 0-2 (9.8%),48.9,51.1,Under,3.8
17/04/2026,China,CFA Super League,Zhejiang,Beijing Guoan,Over 2.5,26.7,Zhejiang Win,42.4,30.8,MODERATE,1.68,1.35,1-1,1-1 (11.0%) | 2-1 (9.2%) | 1-0 (8.1%),61.3,38.7,Over,3.9
18/04/2026,England,League One,Bolton Wanderers,Huddersfield Town,Bolton Wanderers Win,26.7,Bolton Wanderers Win,45.5,27.8,MODERATE,1.7,1.21,1-1,1-1 (11.2%) | 2-1 (9.5%) | 1-0 (9.2%),55.9,44.1,Over,3.9
18/04/2026,England,League Two,Gillingham,Grimsby Town,Grimsby Town Win,26.7,Grimsby Town Win,24.7,48.6,MODERATE,0.97,12-31,0-1,0-1 (12.4%) | 1-1 (12.0%) | 0-2 (9.8%),46.2,53.8,Under,4.1
18/04/2026,Brazil,Brasileirão Série B,Náutico,São Bernardo,"Náutico Win, 1-0",26.8,Náutico Win,55.2,18.0,HIGH,1.58,12-30,1-0,1-0 (13.5%) | 1-1 (11.9%) | 2-0 (10.7%),44.1,55.9,Under,4.0
18/04/2026,Mexico,"Liga MX, Clausura",Club Necaxa,Tigres UANL,Tigres UANL Win,26.8,Tigres UANL Win,24.4,48.8,MODERATE,1.1,12-31,1-1,1-1 (11.1%) | 0-1 (10.1%) | 1-2 (9.7%),52.8,47.2,Over,3.8
18/04/2026,England,National League,Gateshead,Woking,Gateshead Win,26.9,Gateshead Win,41.2,31.9,MODERATE,1.51,12-31,1-1,1-1 (11.7%) | 2-1 (8.8%) | 1-0 (8.6%),57.0,43.0,Over,3.9
18/04/2026,Germany,Bundesliga,SV Werder Bremen,Hamburger SV,SV Werder Bremen Win,26.9,SV Werder Bremen Win,47.6,25.5,MODERATE,1.69,12-31,1-1,1-1 (11.3%) | 1-0 (9.7%) | 2-1 (9.6%),55.1,44.9,Over,3.9
18/04/2026,USA,MLS,CF Montréal,CF Montréal,Over 2.5,26.9,New York Red Bulls Win,35.1,38.0,MODERATE,1.42,1.68,1-1,1-1 (10.8%) | 1-2 (9.0%) | 2-1 (7.6%),59.6,40.4,Over,3.9
18/04/2026,England,Championship,Bristol City,Norwich City,Norwich City Win,27.1,Norwich City Win,35.1,37.8,LOW,1.34,1.52,1-1,1-1 (11.7%) | 1-2 (8.9%) | 0-1 (8.7%),51.5,48.5,Over,3.8
18/04/2026,England,Championship,Hull City,Birmingham City,Hull City Win,27.1,Hull City Win,38.2,34.7,MODERATE,1.38,12-31,1-1,1-1 (12.1%) | 1-0 (8.9%) | 0-1 (8.8%),51.7,48.3,Over,4.0
18/04/2026,England,National League,FC Halifax Town,Southend United,Southend United Win,27.1,Southend United Win,26.3,46.6,MODERATE,1.04,1.66,1-1,1-1 (11.6%) | 0-1 (11.2%) | 1-2 (9.6%),52.0,48.0,Over,3.8
18/04/2026,USA,MLS,Atlanta United,Atlanta United,Nashville SC Win,27.1,Nashville SC Win,27.3,45.7,MODERATE,1.15,1.7,1-1,1-1 (11.3%) | 0-1 (9.8%) | 1-2 (9.6%),51.4,48.6,Over,3.8
18/04/2026,USA,MLS,Toronto FC,Toronto FC,Toronto FC Win,27.1,Toronto FC Win,49.6,23.4,MODERATE,1.58,12-30,1-0,1-0 (12.2%) | 1-1 (12.0%) | 2-0 (9.6%),49.0,51.0,Under,3.9
17/04/2026,France,Ligue 2,Pau FC,Guingamp,Guingamp Win,27.2,Guingamp Win,31.5,41.4,MODERATE,1.32,12-31,1-1,1-1 (11.5%) | 1-2 (9.0%) | 0-1 (8.7%),53.2,46.8,Over,4.2
18/04/2026,Argentina,Liga Profesional de Fútbol,CA Independiente,Defensa y Justicia,"CA Independiente Win, 1-0, Under 2.5",27.2,CA Independiente Win,55.3,17.5,HIGH,1.58,0.87,1-0,1-0 (13.6%) | 1-1 (11.8%) | 2-0 (10.8%),41.6,58.4,Under,3.9
18/04/2026,England,Championship,Watford,Sheffield United,Sheffield United Win,27.2,Sheffield United Win,34.5,38.3,MODERATE,1.35,1.54,1-1,1-1 (11.5%) | 1-2 (8.9%) | 0-1 (8.6%),53.1,46.9,Over,4.1
18/04/2026,England,League One,Barnsley,Bradford City,Bradford City Win,27.2,Bradford City Win,29.9,42.9,MODERATE,1.2,1.56,1-1,1-1 (11.8%) | 0-1 (9.9%) | 1-2 (9.3%),52.5,47.5,Over,3.9
18/04/2026,Germany,Bundesliga,1. FC Union Berlin,VfL Wolfsburg,1. FC Union Berlin Win,27.3,1. FC Union Berlin Win,42.6,30.1,MODERATE,1.54,1.23,1-1,1-1 (11.9%) | 1-0 (9.6%) | 2-1 (9.1%),51.1,48.9,Over,4.0
18/04/2026,England,National League,Solihull Moors,Boston United,Solihull Moors Win,27.4,Solihull Moors Win,41.7,30.9,MODERATE,1.46,1.29,1-1,1-1 (12.0%) | 1-0 (9.3%) | 2-1 (8.8%),56.0,44.0,Over,3.9
18/04/2026,England,League Two,Crawley Town,Shrewsbury Town,Crawley Town Win,27.5,Crawley Town Win,49.4,23.2,MODERATE,1.53,12-30,1-0,1-0 (12.9%) | 1-1 (12.2%) | 2-0 (9.8%),46.2,53.8,Under,3.7
18/04/2026,Mexico,"Liga MX, Clausura",Atlético San Luis,Pumas UNAM,Pumas UNAM Win,27.5,Pumas UNAM Win,33.2,39.3,MODERATE,1.32,1.62,1-1,1-1 (11.3%) | 1-2 (9.2%) | 0-1 (8.6%),55.2,44.8,Over,3.9
18/04/2026,Peru,Liga 1,Sport Huancayo,Deportivo Garcilaso,"Sport Huancayo Win, 1-0",27.5,Sport Huancayo Win,52.4,20.2,HIGH,1.56,12-30,1-0,1-0 (13.3%) | 1-1 (12.0%) | 2-0 (10.4%),45.9,54.1,Under,4.0
18/04/2026,Portugal,Liga Portugal 2,União Leiria,União Leiria,"União Leiria Win, 1-0",27.5,União Leiria Win,52.4,20.1,HIGH,1.62,0.87,1-0,1-0 (13.4%) | 1-1 (11.7%) | 2-0 (10.8%),48.1,51.9,Under,4.0
18/04/2026,Spain,LaLiga 2,Cultural Leonesa,Cultural Leonesa,Cultural Leonesa Win,27.5,Cultural Leonesa Win,36.6,35.8,LOW,1.35,1.47,1-1,1-1 (11.8%) | 0-1 (8.8%) | 1-2 (8.7%),50.1,49.9,Over,5.0
18/04/2026,England,Championship,Derby County,Oxford United,"Derby County Win, 1-0",27.6,Derby County Win,50.1,22.2,HIGH,1.49,0.97,1-0,1-0 (12.8%) | 1-1 (12.3%) | 2-0 (9.5%),46.1,53.9,Under,4.0
18/04/2026,England,League Two,Fleetwood Town,Chesterfield,Chesterfield Win,27.6,Chesterfield Win,31.0,41.4,MODERATE,1.26,1.55,1-1,1-1 (11.8%) | 0-1 (9.4%) | 1-2 (9.1%),51.2,48.8,Over,4.0
18/04/2026,France,Ligue 2,Bastia,Saint-Étienne,Saint-Étienne Win,27.6,Saint-Étienne Win,26.0,46.4,MODERATE,1.06,1.45,1-1,1-1 (12.5%) | 0-1 (11.8%) | 1-2 (9.1%),46.6,53.4,Under,4.3
18/04/2026,Japan,J1 League,Yokohama F. Marinos,Kawasaki Frontale,Kawasaki Frontale Win,27.6,Kawasaki Frontale Win,33.4,38.9,MODERATE,1.37,1.64,1-1,1-1 (11.1%) | 1-2 (9.1%) | 0-1 (8.1%),56.9,43.1,Over,3.8
18/04/2026,Brazil,Brasileirão Série B,Avaí,Ponte Preta,"Avaí Win, 1-0",27.7,Avaí Win,53.8,18.6,HIGH,1.53,12-30,1-0,1-0 (13.2%) | 1-1 (12.1%) | 2-0 (10.2%),43.7,56.3,Under,3.9
18/04/2026,Italy,Serie B,Modena,Frosinone,Modena Win,27.9,Modena Win,37.3,34.8,LOW,1.42,1.54,1-1,1-1 (11.3%) | 1-2 (8.7%) | 2-1 (8.0%),55.3,44.7,Over,4.2
18/04/2026,Turkey,Trendyol Süper Lig,Fatih Karagümrük,Fatih Karagümrük,Fatih Karagümrük Win,27.9,Fatih Karagümrük Win,48.7,23.4,MODERATE,1.47,12-30,1-0,1-0 (12.6%) | 1-1 (12.4%) | 2-0 (9.3%),46.3,53.7,Under,4.0
17/04/2026,Portugal,Liga Portugal 2,Académico Viseu FC,Feirense,"Académico Viseu FC Win, 1-0, Under 2.5",28.0,Académico Viseu FC Win,52.6,19.4,HIGH,1.45,0.83,1-0,1-0 (14.8%) | 1-1 (12.3%) | 2-0 (10.7%),41.8,58.2,Under,4.0
17/04/2026,Sweden,Allsvenskan,Djurgårdens IF,Malmö FF,Djurgårdens IF Win,28.0,Djurgårdens IF Win,39.9,32.2,MODERATE,1.38,12-31,1-1,1-1 (12.4%) | 1-0 (9.8%) | 0-1 (9.0%),52.4,47.6,Over,4.0
18/04/2026,Belgium,Pro League,KV Mechelen,RSC Anderlecht,RSC Anderlecht Win,28.0,RSC Anderlecht Win,31.3,40.7,MODERATE,1.3,12-31,1-1,1-1 (11.4%) | 1-2 (9.2%) | 0-1 (8.8%),55.0,45.0,Over,3.9
18/04/2026,Peru,Liga 1,ADC Juan Pablo II,Comerciantes Unidos,ADC Juan Pablo II Win,28.0,ADC Juan Pablo II Win,49.2,22.8,MODERATE,1.47,12-30,1-0,1-0 (12.9%) | 1-1 (12.4%) | 2-0 (9.5%),46.7,53.3,Under,4.0
18/04/2026,USA,MLS,New England Revolution,New England Revolution,Columbus Crew Win,28.0,Columbus Crew Win,31.9,40.2,MODERATE,1.35,1.56,1-1,1-1 (11.5%) | 1-2 (8.9%) | 0-1 (8.5%),53.1,46.9,Over,3.8
17/04/2026,England,Championship,Blackburn Rovers,Coventry City,Coventry City Win,28.1,Coventry City Win,24.2,47.7,MODERATE,0.97,1.5,0-1,0-1 (12.7%) | 1-1 (12.3%) | 0-2 (9.5%),46.1,53.9,Under,3.8
18/04/2026,Finland,Veikkausliiga,FC Lahti,Inter Turku,Inter Turku Win,28.1,Inter Turku Win,23.7,48.2,MODERATE,1.0,12-31,1-1,1-1 (12.3%) | 0-1 (12.3%) | 1-2 (9.3%),44.9,55.1,Under,3.8
18/04/2026,France,Ligue 2,Stade de Reims,Red Star FC,Stade de Reims Win,28.1,Stade de Reims Win,49.2,22.7,MODERATE,1.47,0.97,1-0,1-0 (12.9%) | 1-1 (12.4%) | 2-0 (9.5%),46.0,54.0,Under,4.0
18/04/2026,Greece,Stoiximan Super League,Panetolikos,MGS Panserraikos,"Panetolikos Win, 1-0, Under 2.5",28.1,Panetolikos Win,53.2,18.7,HIGH,1.48,12-30,1-0,1-0 (15.3%) | 1-1 (12.1%) | 2-0 (11.3%),40.2,59.8,Under,4.1
18/04/2026,England,Championship,Portsmouth,Leicester City,Portsmouth Win,28.3,Portsmouth Win,42.2,29.4,MODERATE,1.32,1.11,1-1,1-1 (12.9%) | 1-0 (11.7%) | 0-1 (9.8%),45.4,54.6,Under,4.0
18/04/2026,England,Championship,Preston North End,West Bromwich Albion,West Bromwich Albion Win,28.5,West Bromwich Albion Win,25.7,45.8,MODERATE,1.0,12-31,0-1,0-1 (12.4%) | 1-1 (12.4%) | 0-2 (9.2%),45.1,54.9,Under,3.8
18/04/2026,Portugal,Liga Portugal Betclic,Gil Vicente,Gil Vicente,Gil Vicente Win,28.5,Gil Vicente Win,45.1,26.4,MODERATE,1.5,1.02,1-1,1-1 (12.3%) | 1-0 (12.1%) | 2-1 (9.2%),44.9,55.1,Under,4.2
18/04/2026,England,League Two,Tranmere Rovers,Bristol Rovers,Bristol Rovers Win,28.6,Bristol Rovers Win,32.3,39.1,MODERATE,1.21,12-31,1-1,1-1 (12.4%) | 0-1 (10.2%) | 1-0 (8.8%),47.9,52.1,Under,3.9
17/04/2026,Turkey,Trendyol Süper Lig,Antalyaspor,Konyaspor,Konyaspor Win,28.7,Konyaspor Win,31.8,39.5,MODERATE,1.27,12-31,1-1,1-1 (12.3%) | 0-1 (9.7%) | 1-0 (8.7%),48.8,51.2,Under,4.4
18/04/2026,England,League Two,Notts County,Barnet,Notts County Win,28.7,Notts County Win,40.2,31.1,MODERATE,1.41,12-31,1-1,1-1 (12.5%) | 1-0 (10.7%) | 2-1 (8.8%),48.8,51.2,Under,3.7
18/04/2026,Portugal,Liga Portugal Betclic,CD Nacional,CD Nacional,CD Nacional Win,28.8,CD Nacional Win,41.4,29.8,MODERATE,1.37,12-31,1-1,1-1 (12.7%) | 1-0 (10.9%) | 0-1 (9.3%),50.7,49.3,Over,4.0
18/04/2026,Belgium,Pro League,Royal Antwerp FC,Oud-Heverlee Leuven,Royal Antwerp FC Win,29.0,Royal Antwerp FC Win,40.3,30.7,MODERATE,1.34,1.16,1-1,1-1 (12.8%) | 1-0 (11.0%) | 0-1 (9.5%),49.0,51.0,Under,4.0
18/04/2026,England,League Two,Barrow AFC,Walsall,Barrow AFC Win,29.0,Barrow AFC Win,38.8,32.2,MODERATE,1.28,1.17,1-1,1-1 (12.9%) | 1-0 (11.1%) | 0-1 (10.1%),43.8,56.2,Under,3.8
18/04/2026,Italy,Serie A,Roma,Atalanta,Roma Win,29.1,Roma Win,39.0,31.9,MODERATE,1.35,12-31,1-1,1-1 (12.7%) | 1-0 (10.9%) | 0-1 (9.4%),47.3,52.7,Under,4.1
18/04/2026,Brazil,Brasileirão Série A,Chapecoense,Botafogo,Botafogo Win,29.3,Botafogo Win,28.0,42.7,MODERATE,1.11,12-31,1-1,1-1 (12.5%) | 0-1 (11.3%) | 1-2 (9.0%),46.8,53.2,Under,3.9
18/04/2026,Italy,Serie B,Juve Stabia,Catanzaro,Juve Stabia Win,29.4,Juve Stabia Win,40.2,30.4,MODERATE,1.39,12-31,1-1,1-1 (12.7%) | 1-0 (11.3%) | 0-1 (9.1%),45.4,54.6,Under,4.2
18/04/2026,England,League Two,Harrogate Town,Colchester United,Colchester United Win,29.5,Colchester United Win,29.7,40.9,MODERATE,1.1,1.39,1-1,1-1 (12.7%) | 0-1 (11.5%) | 1-0 (9.1%),48.0,52.0,Under,3.9
18/04/2026,Italy,Serie B,Spezia,Südtirol,Spezia Win,29.5,Spezia Win,40.2,30.3,MODERATE,1.32,12-31,1-1,1-1 (12.9%) | 1-0 (11.8%) | 0-1 (9.8%),44.7,55.3,Under,4.8
18/04/2026,Chile,Chilean Primera División,Everton de Viña del Mar,Universidad de Chile,Under 2.5,29.6,Universidad de Chile Win,25.4,44.9,MODERATE,0.88,12-31,0-1,0-1 (14.5%) | 1-1 (12.7%) | 0-0 (10.6%),41.9,58.1,Under,3.9
18/04/2026,England,League Two,Oldham Athletic,Salford City,Oldham Athletic Win,29.6,Oldham Athletic Win,35.5,34.9,LOW,1.24,1.35,1-1,1-1 (12.6%) | 0-1 (10.1%) | 1-0 (9.3%),50.0,50.0,Under,4.0
17/04/2026,France,Ligue 2,Nancy,Annecy FC,Nancy Win,29.7,Nancy Win,36.7,33.7,LOW,1.26,12-31,1-1,1-1 (13.0%) | 1-0 (11.2%) | 0-1 (10.3%),42.7,57.3,Under,3.9
18/04/2026,Mexico,"Liga MX, Clausura",Mazatlán FC,Querétaro FC,Querétaro FC Win,29.8,Querétaro FC Win,32.6,37.6,LOW,1.21,12-31,1-1,1-1 (12.5%) | 0-1 (10.3%) | 1-0 (8.9%),51.2,48.8,Over,3.9
18/04/2026,England,League Two,Cheltenham Town,Newport County,Cheltenham Town Win,29.9,Cheltenham Town Win,39.3,30.8,MODERATE,1.27,12-31,1-1,1-1 (13.0%) | 1-0 (11.7%) | 0-1 (10.2%),46.0,54.0,Under,4.2
18/04/2026,Brazil,Brasileirão Série B,CRB,Juventude,CRB Win,30.1,CRB Win,45.2,24.7,MODERATE,1.34,0.97,1-0,1-0 (13.2%) | 1-1 (12.9%) | 0-0 (9.9%),44.3,55.7,Under,3.9
18/04/2026,Greece,Stoiximan Super League,AE Kifisia,Asteras Aktor,AE Kifisia Win,30.2,AE Kifisia Win,46.9,22.9,MODERATE,1.36,12-30,1-0,1-0 (15.0%) | 1-1 (12.7%) | 0-0 (11.1%),43.2,56.8,Under,4.0
18/04/2026,Italy,Serie B,Mantova,Avellino,Mantova Win,30.3,Mantova Win,42.1,27.6,MODERATE,1.35,12-31,1-1,1-1 (12.9%) | 1-0 (12.7%) | 0-1 (9.5%),46.1,53.9,Under,5.4
18/04/2026,Greece,Stoiximan Super League,OFI Crete,APO Levadiakos,APO Levadiakos Win,30.4,APO Levadiakos Win,31.9,37.7,LOW,1.2,12-31,1-1,1-1 (12.8%) | 0-1 (10.6%) | 1-0 (9.9%),47.4,52.6,Under,4.1
18/04/2026,Brazil,Brasileirão Série B,América Mineiro,Sport Recife,América Mineiro Win,30.5,América Mineiro Win,38.8,30.7,MODERATE,1.22,12-31,1-1,1-1 (13.2%) | 1-0 (12.3%) | 0-1 (10.9%),42.6,57.4,Under,4.0
17/04/2026,Germany,Bundesliga,FC St. Pauli,1. FC Köln,1. FC Köln Win,30.6,1. FC Köln Win,30.6,38.8,MODERATE,1.13,12-31,1-1,1-1 (12.9%) | 0-1 (11.4%) | 1-0 (9.8%),47.0,53.0,Under,3.9
17/04/2026,Italy,Serie B,Sampdoria,Monza,Under 2.5,30.6,Monza Win,26.2,43.2,MODERATE,0.97,12-31,0-1,0-1 (13.3%) | 1-1 (12.9%) | 0-0 (9.8%),41.7,58.3,Under,4.5
18/04/2026,Brazil,Brasileirão Série A,Vasco da Gama,São Paulo,Vasco da Gama Win,30.6,Vasco da Gama Win,40.4,29.0,MODERATE,1.27,1.06,1-1,1-1 (13.1%) | 1-0 (12.4%) | 0-1 (10.3%),43.4,56.6,Under,4.0
18/04/2026,England,League One,Stevenage,Lincoln City,Under 2.5,30.6,Lincoln City Win,32.2,37.2,LOW,1.11,1.18,1-1,1-1 (13.3%) | 0-1 (12.0%) | 1-0 (11.2%),38.5,61.5,Under,4.0
17/04/2026,Sweden,Allsvenskan,Degerfors IF,IF Elfsborg,Degerfors IF Win,31.1,Degerfors IF Win,34.7,34.2,LOW,1.14,1.15,1-1,1-1 (13.3%) | 0-1 (11.6%) | 1-0 (11.5%),42.3,57.7,Under,4.0
18/04/2026,Japan,J1 League,Tokyo Verdy,JEF United Chiba,Under 2.5,31.2,Tokyo Verdy Win,40.0,28.8,MODERATE,1.21,1.03,1-1,1-1 (13.3%) | 1-0 (12.8%) | 0-1 (11.0%),39.0,61.0,Under,4.1
18/04/2026,Portugal,Liga Portugal Betclic,Casa Pia,Casa Pia,Under 2.5,31.4,Santa Clara Win,24.6,44.0,MODERATE,0.92,12-31,0-1,0-1 (14.5%) | 1-1 (13.4%) | 0-0 (12.6%),37.8,62.2,Under,4.2
18/04/2026,Greece,Stoiximan Super League,Atromitos Athens,AE Larisa,"Atromitos Athens Win, Under 2.5",31.5,Atromitos Athens Win,45.6,22.9,MODERATE,1.29,12-30,1-0,1-0 (16.2%) | 1-1 (12.7%) | 0-0 (12.5%),38.9,61.1,Under,4.1
18/04/2026,Brazil,Brasileirão Série B,Vila Nova FC,Operário-PR,Under 2.5,31.6,Vila Nova FC Win,39.8,28.6,MODERATE,1.21,12-30,1-0,1-0 (13.6%) | 1-1 (13.3%) | 0-0 (11.3%),37.5,62.5,Under,4.2
18/04/2026,France,Ligue 1,Angers,Le Havre,Under 2.5,31.6,Le Havre Win,32.8,35.6,LOW,1.08,12-31,1-1,1-1 (13.2%) | 0-1 (12.2%) | 1-0 (10.7%),40.0,60.0,Under,3.8
18/04/2026,Italy,Serie A,Udinese,Parma,Under 2.5,31.6,Udinese Win,44.6,23.8,MODERATE,1.26,12-30,1-0,1-0 (15.4%) | 1-1 (12.9%) | 0-0 (12.2%),40.7,59.3,Under,4.0
18/04/2026,Portugal,Liga Portugal 2,Paços de Ferreira,Chaves,Under 2.5,31.6,Chaves Win,28.6,39.8,MODERATE,1.0,12-31,1-1,1-1 (13.1%) | 0-1 (13.1%) | 1-0 (10.3%),41.7,58.3,Under,4.0
18/04/2026,Portugal,Liga Portugal 2,Torreense,Torreense,Marítimo Win,32.0,Marítimo Win,31.2,36.7,LOW,1.04,12-31,1-1,1-1 (12.8%) | 0-1 (12.3%) | 1-0 (9.4%),46.3,53.7,Under,4.0
18/04/2026,Turkey,Trendyol Süper Lig,Kocaelispor,Kocaelispor,Under 2.5,32.2,Göztepe Win,33.8,34.0,LOW,1.09,12-31,1-1,1-1 (13.5%) | 1-0 (12.9%) | 0-1 (12.3%),37.8,62.2,Under,4.4
18/04/2026,Brazil,Brasileirão Série A,Vitória,Corinthians,Under 2.5,32.9,Corinthians Win,32.6,34.5,LOW,1.03,12-31,1-1,1-1 (13.5%) | 0-1 (13.1%) | 1-0 (12.1%),37.7,62.3,Under,4.0
18/04/2026,Argentina,Liga Profesional de Fútbol,Instituto De Córdoba,Estudiantes de La Plata,Under 2.5,33.0,Estudiantes de La Plata Win,33.1,33.9,LOW,1.03,12-31,1-1,1-1 (13.5%) | 0-1 (13.1%) | 1-0 (12.9%),35.9,64.1,Under,4.2
